Sel;ID;Cat;Subcat;Nome;Len;Prezzo;Iva;"Dispo gg.";"In Ordine";Insert;Uscita;Promo_Cod;Promo_Desc;Promo_Scad;Link;NuovaDescrizione
;253678;;Abbigliamento;"ABYSTYLE One Piece Calzini Skull One Size (38-43) nero, 70% cotone, 27% poliestere, 3% elastan.";95;10,96;22;5;;2025-03-06;2025-03-06;;;;;;"ABYSTYLE OP Skull Socks, one size (38-43), black, 70% cot, 27% poli, 3% elast"
;253647;Fotografia;"Accessori Fotografici";"NiSi Wizard W-63 Compatibile con Sony | Staffa di rotazione orizzontale/verticale, Arca-Swiss compatibile, rotazione a 0°, 90° e";130;84,99;22;5;;2025-03-05;2025-03-05;;;;;;"NiSi Wizard W-63 for Sony; rotazione, Arca-Swiss compatibile, 0°/90°"
;253625;Fotografia;"Accessori Fotografici";"NiSi Wizard W-72 Compatibile con Fujifilm, Nikon Z, Panasonic S5, Leica SL/SL2 | Staffa di rotazione orizzontale/verticale, Arca";128;84,99;22;5;;2025-03-05;2025-03-05;;;;;;"NiSi W-72 fit Fuji, Nikon Z, Pana S5, Leica SL/2 | Rot. staffa, Arca compat."
;253626;Fotografia;"Accessori Fotografici";"NiSi Wizard W-82D Compatibile con fotocamere DSLR | Staffa di rotazione orizzontale/verticale, Arca-Swiss compatibile, rotazione";128;84,99;22;5;;2025-03-05;2025-03-05;;;;;;"NiSi Wizard W-82D for DSLR, rotates horiz/vert, Arca-Swiss compatible"
;253621;Fotografia;"Accessori Fotografici";"NiSi Wizard W-82M Compatibile con fotocamere Canon serie R | Staffa di rotazione orizzontale/verticale, Arca-Swiss compatibile, ";128;84,99;22;5;;2025-03-05;2025-03-05;;;;;;"NiSi Wizard W-82M for Canon R, Rotating Clamp, Arca-Swiss compatible"
;253545;Fotografia;"Adattatori e portafiltri";"NiSi Anello adattatore S6 per filettature di filtri standard (adattatori da 105 mm, 95 mm, 82 mm inclusi) | Adattatore per obiet";128;149,00;22;5;;2025-02-26;2025-02-26;;;;;;"NiSi S6 Ring Adapter for standard filter threads (105mm, 95mm, 82mm)"
;253498;Fotografia;"Adattatori e portafiltri";"NiSi JetMag Pro 62mm-82MAG Adattatore obiettivo filettatura 62 mm per collegare filtri magnetici 82MAG";102;19,90;22;5;;2025-02-24;2025-02-24;;;;;;"NiSi JetMag Pro 62mm-82MAG Filter Adapter for 62mm lens & 82MAG magnets"
;253499;Fotografia;"Adattatori e portafiltri";"NiSi JetMag Pro 67mm-82MAG Adattatore obiettivo filettatura 67 mm per collegare filtri magnetici 82MAG";102;19,90;22;5;;2025-02-24;2025-02-24;;;;;;"NiSi JetMag Pro 67mm-82MAG Lens Adapter for 67mm filters with magnetic 82MAG"
;253494;Fotografia;"Adattatori e portafiltri";"NiSi JetMag Pro 82mm-82MAG Anello Adattatore obiettivo filettatura 82 mm per collegare filtri magnetici 82MAG";109;19,90;22;0;;2025-02-24;2025-02-24;;;;;;"NiSi JetMag Pro 82mm Adapter Ring for 82mm magnetic filters"
;253573;Fotografia;"Adattatori e portafiltri";"NiSi Kit Advanced 150 di Filtri da 150mm (no Holder, include 4 filtri di larghezza 150mm)";89;629,00;22;5;;2025-02-28;2025-02-28;;;;;;"NiSi 150mm Advanced Filter Kit (no Holder, 4 x 150mm filters)"
;253508;Fotografia;"Adattatori e portafiltri";"NiSi Kit portafiltro V7 da 100 mm con True Color CPL, con anello adattatore da 67-82 mm, 72-82 mm e 77-82 mm";108;249,00;22;5;;2025-02-25;2025-02-25;;;;;;"NiSi V7 100mm Filter Kit + True Color CPL + adapters 67-82, 72-82, 77-82mm"
;253879;Fotografia;"Adattatori e portafiltri";"NiSi Kit Starter 150 di Filtri da 150mm (no Holder, include 3 filtri di larghezza 150mm)";88;479,00;22;0;;2025-03-14;2025-03-14;;;;;;"NiSi 150mm Starter Kit (No Holder), includes 3 filters of 150mm width"
;253544;Fotografia;"Adattatori e portafiltri";"NiSi Portafiltro da 100 mm - Switch (compatibile con l'adattatore principale da 82 mm di V6 / V5-Pro ??/ V5)";108;90,00;22;5;;2025-02-26;2025-02-26;;;;;;"NiSi 100mm Filter Tray - Switch (fits V6/V5-Pro/V5 main adapter)"
;253569;Fotografia;"Adattatori e portafiltri";"NiSi Portafiltro da 100mm per Olympus 7-14 mm f/2.8 PRO | Contiene 2 filtri da 100x100 mm e 100x150 mm (ND, GND, ecc.), rotazion";128;89,00;22;0;;2025-02-27;2025-02-27;;;;;;"NiSi 100mm Filter Holder for Olympus 7-14mm f/2.8 PRO + 2 filters (ND, GND)"
;253528;Fotografia;"Adattatori e portafiltri";"NiSi Professional Kit V7 e Filtri a lastra 100mm, Kit 7 filtri (GND Soft/Medium/Reverse 3 Stop, ND8 3 Stop, ND64 6 Stop, ND1000 ";128;929,00;22;5;;2025-02-26;2025-02-26;;;;;;"NiSi Pro V7 Kit + 100mm GND (Soft/Med/Rev 3 Stop), ND8/64/1000 Filters"
;253580;Fotografia;"Adattatori e portafiltri";"NiSi S6 Supporto per Filtro per Sony FE 12-24 mm F4 G (True Color CPL) – 150 mm  Filter Holder System";103;419,00;22;5;;2025-02-28;2025-02-28;;;;;;"NiSi S6 Filter Holder for Sony FE 12-24mm F4 G (True Color CPL) – 150mm System"
;253608;Fotografia;"Adattatori e portafiltri";"NiSi Starter Kit V7 di Filtri 100mm, Kit di 2 filtri (GND 100x150 Medium 3 Stop, ND 100x100 ND1000 10 Stop) con Holder NiSi V7 c";128;399,00;22;5;;2025-03-05;2025-03-05;;;;;;"NiSi V7 Kit 100mm: 2 filtri (GND 150x100 3 stop, ND 100x100 10 stop) + holder"
;253466;Fotografia;"Filtri Fotografici";"Filtro UV HUC (Ultra Hard Coating) con 18 rivestimenti multistrato UHD, rivestimento ultra duro, Nano Coating®, ultra-sottile re";129;26,99;22;5;;2025-02-24;2025-02-24;;;;;;"UV Filter HUC, 18-layer UHD Nano Coating, ultra-durable & super-thin."
;253471;Fotografia;"Filtri Fotografici";"Filtro UV HUC (Ultra Hard Coating) con 18 rivestimenti multistrato UHD, rivestimento ultra duro, Nano Coating®, ultra-sottile re";129;29,99;22;5;;2025-02-24;2025-02-24;;;;;;"UV HUC Filter with 18 multilayer UHD coating & Nano Coating®, ultra-thin type"
;253475;Fotografia;"Filtri Fotografici";"Filtro UV HUC (Ultra Hard Coating) con 18 rivestimenti multistrato UHD, rivestimento ultra duro, Nano Coating®, ultra-sottile re";129;27,99;22;5;;2025-02-24;2025-02-24;;;;;;"UV HUC Filter with 18-layer UHD, ultra-hard coating, Nano Coating®, super thin"
;253550;Fotografia;"Filtri Fotografici";"NiSi - Filtro circolare naturale notturno 112 mm per Nikon Z 14-24 mm f/2.8S (filtro di inquinamento della luce)";112;199,00;22;5;;2025-02-26;2025-02-26;;;;;;"NiSi 112mm NL Night Filter for Nikon Z 14-24mm f/2.8S (light pollution filter)"
;253493;Fotografia;"Filtri Fotografici";"NiSi - JetMag Pro 82MAG Lens Front Cap - Lente magnetica durevole e protezione filtro per filtri di dimensioni 82MAG - Attacco r";128;34,90;22;5;;2025-02-24;2025-02-24;;;;;;"NiSi JetMag Pro 82MAG Lens Cap - Durable mag filter protector for 82MAG threads"
;253496;Fotografia;"Filtri Fotografici";"NiSi - JetMag Pro 82MAG True Color CPL, filtro magnetico circolare polarizzatore lente - Vetro ottico nano rivestito, telaio in ";128;99,90;22;5;;2025-02-24;2025-02-24;;;;;;"NiSi JetMag Pro 82MAG CPL, filtro circolare magnetico, vetro nano coating, frame in"
;253756;Fotografia;"Filtri Fotografici";"NiSi 67mm Circular Starter Filter Kit, Including HUC UV Filter, HUC CPL and Filter Pouch";88;95,00;22;5;;2025-03-10;2025-03-10;;;;;;"NiSi 67mm Starter Filter Kit: UV, CPL, & Pouch Included"
;253860;Fotografia;"Filtri Fotografici";"NiSi 77mm Circular Filter Professional Kit, Including HUC UV Filter, Ti Enhance CPL, Natural Night Filter, ND1000(10 stops) and ";128;249,00;22;5;;2025-03-14;2025-03-14;;;;;;"NiSi 77mm Pro Kit: HUC UV, Ti CPL, Night Filter, ND1000 (10 stops)"
;253618;Fotografia;"Filtri Fotografici";"NiSi 82mm Kit Filtri Circolari ND Filter Kit, Including ND8(3 stops), ND64(6 stops)+CPL, ND1000(10 stops) and Filter Pouch";122;149,00;22;5;;2025-03-05;2025-03-05;;;;;;"NiSi 82mm Circular Filter Kit: ND8, ND64+CPL, ND1000 + Pouch"
;253530;Fotografia;"Filtri Fotografici";"NiSi C5 Matte Box Cinema Kit – C5 Mattebox, Filtro vassoio True Color 1 – 5 filtri VND True Color Rotating PL, 4 filtri 5.65 FS ";132;699,00;22;5;;2025-02-26;2025-02-26;;;;;;"NiSi C5 Kit: Mattebox, filtri colorati, VND 1-5, rotante PL, filtri 4x5.65"
;253537;Fotografia;"Filtri Fotografici";"NiSi C5 Matte Box Filmmaker Kit – C5 Mattebox, Filtro vassoio True Color 1 – 5 filtri VND 4 filtri 5.65 FS ND16, 4 filtri Black ";132;569,00;22;0;;2025-02-26;2025-02-26;;;;;;"NiSi C5 Matte Kit: mattebox, filtro True Color, 5 filtri (VND & ND), nero"
;253553;Fotografia;"Filtri Fotografici";"NiSi C5 Matte Box Starter Kit – C5 Matte Box, vassoio filtro e anello adattatore, compatibile con obiettivo fotocamera da 67 mm/";130;199,00;22;5;;2025-02-26;2025-02-26;;;;;;"NiSi C5 Matte Box Kit – C5, filter tray, adapter ring, fits 67mm lens"
;253548;Fotografia;"Filtri Fotografici";"NiSi Cinema 4x5.65 ND 1.5 | Filtro per lenti a densità neutra 5-stop per scatole opache 4x5.65 | Fotografia e videografia";122;245,00;22;5;;2025-02-26;2025-02-26;;;;;;"NiSi 4x5.65 ND 1.5 Filter for neutral density, 5-stop, for photo/video."
;253549;Fotografia;"Filtri Fotografici";"NiSi Cinema 4x5.65 True Color Polarizzatore Lineare | Filtro Lente Polarizzatore per Scatole Opache 4x5.65 | Fotografia e Videog";128;245,00;22;0;;2025-02-26;2025-02-26;;;;;;"NiSi Cinema 4x5.65 Polarizer | Filtro Lenti per Scatole Opache 4x5.65 | Foto/Video"
;253560;Fotografia;"Filtri Fotografici";"NiSi Cinema Allure Streak - Filtro circolare circolare rotante per effetto speciale, 82 mm, colore: Blu";103;119,00;22;5;;2025-02-26;2025-02-26;;;;;;"NiSi Cinema Allure Streak 82mm Rotating Filter, Special Effect, Blue"
;253468;Fotografia;"Filtri Fotografici";"NiSi Contenitore porta filtri per filtro circolare, nero, 8 Filter Pockets Up to 95mm (Version II), Organizer tascabile";119;29,00;22;5;;2025-02-24;2025-02-24;;;;;;"NiSi Filter Holder Bag, black, 8 pockets, fits up to 95mm, portable, V2"
;253542;Fotografia;"Filtri Fotografici";"NiSi Extreme Kit con 4 Filtri ND e Accessori - Kit Filtri ND 100mm con ND8, ND64, ND1000, ND32000, 1x NiSi Custodia per 4 Filtri";128;439,00;22;5;;2025-02-26;2025-02-26;;;;;;"NiSi Extreme Kit: 4x ND filters (8,64,1000,32000) + accessories + case"
;253858;Fotografia;"Filtri Fotografici";"NiSi Filtro 55mm UV HUC (Ultra Hard Coating) con 18 rivestimenti multistrato UHD, ultra duro, Nano Coating";106;23,99;22;5;;2025-03-14;2025-03-14;;;;;;"NiSi 55mm UV HUC filter with 18-layer UHD Nano coating, super tough."
;253635;Fotografia;"Filtri Fotografici";"NiSi Filtro 77mm Armor FX PRO Nano L395 UV, blocco ultravioletto, resistente agli urti, filtro di protezione delle lenti - Vetro";128;82,00;22;0;;2025-03-05;2025-03-05;;;;;;"NiSi 77mm Armor FX PRO Nano L395 UV, UV filter, shock-resistant, lens protector."
;253703;Fotografia;"Filtri Fotografici";"NiSi Filtro 95 mm 1/8 Densità Circolare Nero Mist | Filtro Lente Effetto Nebbia per Fotografia e Videografia";109;109,00;22;5;;2025-03-10;2025-03-10;;;;;;"NiSi 95mm Circular ND8 Filter Black Mist for Photos & Videos"
;253645;Fotografia;"Filtri Fotografici";"NiSi Filtro Armor FX PRO Nano L395 UV 82mm - Resistente agli urti, blocco ultravioletto, protezione dell'obiettivo, vetro ottico";128;89,00;22;0;;2025-03-05;2025-03-05;;;;;;"NiSi Armor FX PRO Nano L395 UV 82mm - Dura, blocca UV, proteggi lente, vetro ottico"
;253698;Fotografia;"Filtri Fotografici";"NiSi Filtro Black Mist 1/4 | 82mm per Sistema Swift | senza filettatura da installare a pressione con Anello Swift o sopra VND T";128;109,00;22;0;;2025-03-08;2025-03-08;;;;;;"NiSi Black Mist 1/4, 82mm, for Swift System, press-fit w/ Swift ring or VND T"
;253699;Fotografia;"Filtri Fotografici";"NiSi Filtro Black Mist 1/4 | 95mm per Sistema Swift | senza filettatura da installare a pressione con Anello Swift o sopra VND T";128;129,00;22;5;;2025-03-08;2025-03-08;;;;;;"NiSi Black Mist 1/4 95mm, per Swift; snap-on, senza filettature, usa anello o VND."
;253538;Fotografia;"Filtri Fotografici";"NiSi Filtro Cellulare iPhone fotocamera Filter Kit / Mobile Phone Lens Camera Filter for iOS iPhone Smartphone - Cinema Filter K";128;199,00;22;5;;2025-02-26;2025-02-26;;;;;;"NiSi iPhone Cell Filter Kit / Phone Lens Camera Filter for iOS - Cinema Filter K"
;253491;Fotografia;"Filtri Fotografici";"NiSi Filtro Circolare 112mm True Color Pro Nano CPL Filtro per Nikon Z 14-24mm f/2.8S";85;199,00;22;5;;2025-02-24;2025-02-24;;;;;;"NiSi 112mm CPL Filtro Nano True Color Pro per Nikon Z 14-24mm f/2.8S"
;253646;Fotografia;"Filtri Fotografici";"NiSi Filtro Circolare 72mm Circular Filter ND Filter Kit, Including ND8(3 stops), ND64(6 stops)+CPL, ND1000(10 stops) e Borsa Po";128;129,00;22;5;;2025-03-05;2025-03-05;;;;;;"NiSi 72mm Circular Filter Kit: ND8, ND64+CPL, ND1000 + Bag"
;253484;Fotografia;"Filtri Fotografici";"NiSi Filtro circolare UV UHC da 49 mm con panno di pulizia – vetro bianco acqua, rivestimento ultra duro con trasmissione della ";130;21,99;22;5;;2025-02-24;2025-02-24;;;;;;"NiSi UV UHC Circolare 49mm + Panno - vetro bianco acqua, rivestimento ultra duro"
;253868;Fotografia;"Filtri Fotografici";"NiSi Filtro di diffusione Black Mist 1/8 da 49 mm - Filtro effetto Promist (apertura 1/8)";89;63,00;22;5;;2025-03-14;2025-03-14;;;;;;"NiSi Black Mist 1/8 Filter 49mm – Soft Diffusion Effect"
;253571;Fotografia;"Filtri Fotografici";"NiSi Filtro GND 1.2 4 Stop 150X170mm Medio (16) Filtro IR graduato multistrato a densità neutra";96;185,00;22;5;;2025-02-28;2025-02-28;;;;;;"NiSi GND 1.2 4 Stop 150×170mm ND IR multi-coat filter"
;253527;Fotografia;"Filtri Fotografici";"NiSi Filtro GND Nano IR 1.5 Soft Edge Filter (5-Stops) 100X150mm Nano Multicoated Graduated IR Neutral Density";110;109,00;22;5;;2025-02-26;2025-02-26;;;;;;"NiSi GND Nano IR 1.5 Soft Edge Filter (5 stops) 100x150mm, Multicoated ND"
;253524;Fotografia;"Filtri Fotografici";"NiSi Filtro GND Nano IR 100X150mm Nano Multicoated Graduated IR Neutral Density 0.9 Reverse Edge Filter (3-Stops)";113;109,00;22;5;;2025-02-26;2025-02-26;;;;;;"NiSi GND Nano IR 100×150mm, Multi-IR ND 0.9, Reverse Edge Filter"
;253535;Fotografia;"Filtri Fotografici";"NiSi Filtro GND Nano IR 150x170mm 0.9 (3 Stop) Medium GND (Grad ND) Filter - GND8 Multicoated IR in Optical Glass";113;185,00;22;5;;2025-02-26;2025-02-26;;;;;;"NiSi GND Nano IR 150x170mm 0.9 (3 Stop) Grad ND Filter, Multicoated IR Glass"
;253572;Fotografia;"Filtri Fotografici";"NiSi Filtro GND16 1.2 4 Stop REVERSE 150X170mm Nano Multicoated Graduato IR Neutral Density 1.5 Soft Edge Filter";112;185,00;22;0;;2025-02-28;2025-02-28;;;;;;"NiSi GND16 1.2 4 Stop REVERSE 150x170mm Nano Coated IR ND1.5 Soft Edge"
;253598;Fotografia;"Filtri Fotografici";"NiSi Filtro GND4 0.6 Soft (2-Stop) 100X150mm Nano Multicoated Graduated IR Neutral Density 0.6 Soft Edge Filter (2-Stops)";121;109,00;22;5;;2025-03-04;2025-03-04;;;;;;"NiSi GND4 0.6 Soft 100x150mm Nano Coated Grad IR ND (2-Stops)"
;253554;Fotografia;"Filtri Fotografici";"NiSi Filtro Graduato GND 2 stop (0.6) Medium 100x150mm con Nano Coating, trattamento IR, Vetro Ottico";101;109,00;22;5;;2025-02-26;2025-02-26;;;;;;"NiSi GND 2 Stop (0.6) Filter 100x150mm with Nano Coating & IR Glass"
;253519;Fotografia;"Filtri Fotografici";"NiSi Filtro Graduato GND 3 stop (0.9) Hard 100x150mm con Nano Coating, trattamento IR, Vetro Ottico";99;109,00;22;5;;2025-02-26;2025-02-26;;;;;;"NiSi GND 3 stop (0.9) Hard 100x150mm, Nano Coating, IR, Optical Glass"
;253513;Fotografia;"Filtri Fotografici";"NiSi Filtro Graduato GND 3 stop (0.9) Medium 100x150mm con Nano Coating, trattamento IR, Vetro Ottico";101;109,00;22;5;;2025-02-25;2025-02-25;;;;;;"NiSi 0.9 GND Filter 100x150mm, Nano Coating, IR Treatment, Optical Glass"
;253514;Fotografia;"Filtri Fotografici";"NiSi Filtro Graduato GND 3 stop (0.9) Medium 100x150mm con Nano Coating, trattamento IR, Vetro Ottico";101;109,00;22;5;;2025-02-26;2025-02-26;;;;;;"NiSi GND 3 Stop (0.9) Medium 100x150mm, Nano Coating, IR, Optical Glass"
;253517;Fotografia;"Filtri Fotografici";"NiSi Filtro Graduato GND 3 Stop (0.9) Soft 100x150mm con Nano Coating, Trattamento Anti-IR, Vetro Ottico";104;109,00;22;5;;2025-02-26;2025-02-26;;;;;;"NiSi GND 3 Stop (0.9) Soft 100x150mm, Nano Coating, IR Block, Optical Glass"
;253521;Fotografia;"Filtri Fotografici";"NiSi Filtro Graduato GND 4 stop (1.2) Medium 100x150mm con Nano Coating, trattamento IR, Vetro Ottico";101;109,00;22;5;;2025-02-26;2025-02-26;;;;;;"NiSi GND 4 Stop Filter 100x150mm, Nano Coating, IR Treatment, Optical Glass"
;253596;Fotografia;"Filtri Fotografici";"NiSi Filtro graduato ND (2-Stop) 0,6 75 x 100 mm M75 Nano IR Soft Graduated Neutral Density Filter";98;79,00;22;5;;2025-03-03;2025-03-03;;;;;;"NiSi ND Grad (2-stop) 0.6 75x100mm M75 Nano IR Soft Filter"
;253561;Fotografia;"Filtri Fotografici";"NiSi Filtro IR GND16 150X170mm Nano Multicoated Graduato IR Neutral Density 1.2 Soft Edge Filter (4-Stop)";105;185,00;22;5;;2025-02-26;2025-02-26;;;;;;"NiSi IR GND16 150x170mm Nano Coated Grad ND1.2 Soft Edge Filter (4 Stop)"
;253638;Fotografia;"Filtri Fotografici";"NiSi Filtro IR rivestito ND Filter vetro ottico, filtro a densità neutra, 100X100mm IR ND32000(4.5) 15 Stops super stopper";123;109,00;22;5;;2025-03-05;2025-03-05;;;;;;"NiSi IR ND Filter, glass, 100x100mm, ND32000 (4.5), 15 stops, super stopper"
;253552;Fotografia;"Filtri Fotografici";"NiSi Filtro ND Densità Neutra ND1000K (6.0) 20 Stop, 100X100mm, nano coating, rivestimento IR, Black Hole, Vetro Ottico";120;109,00;22;5;;2025-02-26;2025-02-26;;;;;;"NiSi ND1000K 6.0 20 Stop, 100x100mm, nano-coating, IR, Black Hole, glass"
;253556;Fotografia;"Filtri Fotografici";"NiSi Filtro ND Densità Neutra ND128 (2.1) 7 Stop, 100X100mm, nano coating, rivestimento IR, Little Stopper, Vetro Ottico";121;109,00;22;5;;2025-02-26;2025-02-26;;;;;;"NiSi ND128 7 Stop, 100x100mm, nano e IR coat, Little Stopper, vetro"
;253532;Fotografia;"Filtri Fotografici";"NiSi Filtro ND Densità Neutra ND16 (1.2) 4 Stop, 100X100mm, nano coating, rivestimento IR, Vetro Ottico";104;109,00;22;5;;2025-02-26;2025-02-26;;;;;;"NiSi ND16 1.2 (4Stop), 100x100mm, nano e IR coating, vetro ottico"
;253557;Fotografia;"Filtri Fotografici";"NiSi Filtro ND Densità Neutra ND2000 (3.3) 11 Stop, 100X100mm, nano coating, rivestimento IR, Vetro Ottico";107;109,00;22;5;;2025-02-26;2025-02-26;;;;;;"NiSi ND2000 (3.3) 11 stops, 100x100mm, nano IR coating, optical glass"
;253526;Fotografia;"Filtri Fotografici";"NiSi Filtro ND Densità Neutra ND256 (2.4) 8 Stop, 100X100mm, nano coating, rivestimento IR, Vetro Ottico";105;109,00;22;5;;2025-02-26;2025-02-26;;;;;;"NiSi ND256 (2.4) 8-stop, 100x100mm, nano coating, IR glass"
;253555;Fotografia;"Filtri Fotografici";"NiSi Filtro ND Densità Neutra ND32 (1.5) 5 Stop, 100X100mm, nano coating, rivestimento IR, Little Stopper, Vetro Ottico";120;109,00;22;5;;2025-02-26;2025-02-26;;;;;;"NiSi ND32 1.5, 100x100mm, nanotopping, IR, Little Stopper, vetro"
;253543;Fotografia;"Filtri Fotografici";"NiSi Filtro ND Densità Neutra ND4 (0.6) 2 Stop, 100X100mm, nano coating, rivestimento IR, Vetro Ottico";103;109,00;22;5;;2025-02-26;2025-02-26;;;;;;"NiSi ND4 (0.6) 2 stops 100x100mm, nano coating, IR film, optical glass"
;253574;Fotografia;"Filtri Fotografici";"NiSi Filtro ND Densità Neutra ND500 (2.7) 9 Stop, 100X100mm, nano coating, rivestimento IR, Vetro Ottico";105;109,00;22;5;;2025-02-28;2025-02-28;;;;;;"NiSi ND500 (2.7) 9Stop, 100x100mm, nano coating, IR coating, optical glass"
;253511;Fotografia;"Filtri Fotografici";"NiSi Filtro ND Densità Neutra ND64 (1.8) 6 Stop, 100X100mm, nano coating, rivestimento IR, Little Stopper, Vetro Ottico";120;109,00;22;5;;2025-02-25;2025-02-25;;;;;;"NiSi ND64 1.8 (6 stop) 100x100mm, nano+IR coating, Little Stopper, vetro"
;253529;Fotografia;"Filtri Fotografici";"NiSi Filtro ND Densità Neutra ND64 (1.8) 6 Stop, 150X150mm, nano coating, rivestimento IR, Little Stopper, Vetro Ottico";120;185,00;22;0;;2025-02-26;2025-02-26;;;;;;"NiSi ND64 1.8 (6 stops) 150x150mm, nano, IR coating, Little Stopper, vetro"
;253518;Fotografia;"Filtri Fotografici";"NiSi Filtro ND Densità Neutra ND8 (0.9) 3 Stop, 100X100mm, nano coating, rivestimento IR, Vetro Ottico";103;109,00;22;0;;2025-02-26;2025-02-26;;;;;;"NiSi ND8 Filter 0.9 3 Stop, 100x100mm, nano Coating, IR Coated, Optical Glass"
;253531;Fotografia;"Filtri Fotografici";"NiSi Filtro ND Densità Neutra ND8 (0.9) 3 Stop, 150X150mm, nano coating, rivestimento IR, Vetro Ottico";103;185,00;22;0;;2025-02-26;2025-02-26;;;;;;"NiSi ND8 Filter (0.9) 3 Stop, 150x150mm, nano coating, IR coating, optical glass"
;253856;Fotografia;"Filtri Fotografici";"NiSi Filtro ND True Color Variable da 43 mm, per 1-5 diaframmi (ND2-ND32) VND Vario ND";86;129,00;22;5;;2025-03-14;2025-03-14;;;;;;"NiSi 43mm True Color Vario ND Filter, 1-5 stops (ND2-ND32) with VND"
;253467;Fotografia;"Filtri Fotografici";"NiSi Filtro ND VND VND True Color da 1 a 5 diaframmi ND-Vario variabile, 67 mm (ND2-ND32)";89;149,00;22;0;;2025-02-24;2025-02-24;;;;;;"NiSi ND VND True Color 1-5 stops, 67mm (ND2-ND32), variable rated"
;253624;Fotografia;"Filtri Fotografici";"NiSi Filtro ND VND VND True Color da 55 mm - 1-5 diaframmi ND-Vario variabile (ND2-ND32)";88;149,00;22;5;;2025-03-05;2025-03-05;;;;;;"NiSi ND Vario 55mm, 1-5 stops, true color, ND2-ND32, variable filter"
;253845;Fotografia;"Filtri Fotografici";"NiSi Filtro ND32000 (15 Stop) 67mm PRO Nano HUC IR (Vetro Ottico, Altissima Neutralità e Nano® Coating)";105;72,00;22;5;;2025-03-14;2025-03-14;;;;;;"NiSi ND32000 15 stop 67mm PRO Nano HUC IR, vetro ottico, neutro, rivestimento Nano"
;253863;Fotografia;"Filtri Fotografici";"NiSi Filtro ND8 (3 Stop) 72mm PRO Nano HUC IR, Vetro Ottico, Ultra Sottile, Coating Resistente a Olio e Acqua";109;49,00;22;5;;2025-03-14;2025-03-14;;;;;;"NiSi ND8 3 Stop 72mm PRO Nano HUC IR, vetro ottico, sottile, rivestimento resistente acq/uor."
;253488;Fotografia;"Filtri Fotografici";"NiSi Filtro ND8 (3 Stop) 77mm PRO Nano HUC IR, Vetro Ottico, Ultra Sottile, Coating Resistente a Olio e Acqua";109;52,00;22;0;;2025-02-24;2025-02-24;;;;;;"NiSi ND8 77mm PRO Nano HUC IR, Vetro ottico, ultra sottile, trattamento oleo/acqua"
;253622;Fotografia;"Filtri Fotografici";"NiSi Filtro ND8 (3 Stop) 82mm PRO Nano HUC IR, Vetro Ottico, Ultra Sottile, Coating Resistente a Olio e Acqua";109;55,00;22;0;;2025-03-05;2025-03-05;;;;;;"NiSi ND8 82mm PRO Nano HUC IR, vetro ottico, ultra sottile, resistente a olio e acqua"
;253875;Fotografia;"Filtri Fotografici";"NiSi Filtro per Fuji XA70 X100V X100T X100F X100S X100-49mm Allure Soft Filter Nero";83;44,90;22;5;;2025-03-14;2025-03-14;;;;;;"NiSi Soft Filter for Fuji X-series, 49mm, Black, X70, X100V/T/F, X100S"
;253861;Fotografia;"Filtri Fotografici";"NiSi Filtro polarizzatore circolare 67mm True Color CPL per sistema VND e Swift True Color";90;99,90;22;0;;2025-03-14;2025-03-14;;;;;;"NiSi 67mm CPL Pol FX for VND & Swift True Color systems"
;253873;Fotografia;"Filtri Fotografici";"NiSi Filtro polarizzatore circolare da 67 mm UHC CPL, con rivestimento ultra rigido";83;29,99;22;5;;2025-03-14;2025-03-14;;;;;;"NiSi 67mm UHC CPL Polarizer with ultra-hard coating"
;253874;Fotografia;"Filtri Fotografici";"NiSi Filtro polarizzatore circolare da 72mm UHC CPL, con rivestimento ultra rigido";82;32,99;22;5;;2025-03-14;2025-03-14;;;;;;"NiSi 72mm UHC CPL Pol Polarizer, ultra-durable coating"
;253867;Fotografia;"Filtri Fotografici";"NiSi Filtro Polarizzatore Circolare Multi Coated HUC CPL PRO Slim Nano Coating (62mm)";85;67,00;22;5;;2025-03-14;2025-03-14;;;;;;"NiSi CPL Filter, Multi Coated, Slim Nano, 62mm"
;253652;Fotografia;"Filtri Fotografici";"NiSi Filtro Polarizzatore Circolare Multi Coated HUC CPL PRO SLIM Nano Coating (67mm)";85;70,00;22;5;;2025-03-05;2025-03-05;;;;;;"NiSi CPL Circular Filter 67mm, Multi-Coated, Slim, Nano Coating"
;253847;Fotografia;"Filtri Fotografici";"NiSi Filtro Polarizzatore Circolare Multi Coated HUC CPL PRO Slim Nano Coating (72mm)";85;76,00;22;5;;2025-03-14;2025-03-14;;;;;;"NiSi 72mm CPL Circular Filter, Multi-Coated, Slim Nano Coating"
;253634;Fotografia;"Filtri Fotografici";"NiSi Filtro Polarizzatore Circolare Multi Coated HUC CPL PRO Slim Nano Coating (77mm)";85;79,00;22;0;;2025-03-05;2025-03-05;;;;;;"NiSi CPL Circolare Multi-Coated HUC PRO Slim 77mm"
;253485;Fotografia;"Filtri Fotografici";"NiSi Filtro Polarizzatore Circolare Multi Coated HUC CPL PRO Slim Nano Coating (82mm)";85;86,00;22;0;;2025-02-24;2025-02-24;;;;;;"NiSi CPL Filter 82mm, Multi-Coat, Slim Nano Coating"
;253606;Fotografia;"Filtri Fotografici";"NiSi Filtro polarizzatore circolare True Color CPL per 82mm True Color VND e Swift System | sistema di filtri circolari Swift | ";128;129,90;22;5;;2025-03-04;2025-03-04;;;;;;"NiSi True Color CPL 82mm + VND & Swift System circular filter set"
;253857;Fotografia;"Filtri Fotografici";"NiSi Filtro polarizzatore circolare True Color CPL per sistema VND e Swift True Color da 95 mm";94;169,90;22;5;;2025-03-14;2025-03-14;;;;;;"NiSi CPL Polarizzatore circolare True Color 95mm per VND & Swift"
;253627;Fotografia;"Filtri Fotografici";"NiSi Filtro polarizzatore circolare True Color CPL per VND e Swift da 77 mm | sistema di filtraggio circolare Swift | Fotografia";128;119,90;22;5;;2025-03-05;2025-03-05;;;;;;"NiSi CPL Pol. Circolare True Color 77mm per VND & Swift | Fotografia"
;253644;Fotografia;"Filtri Fotografici";"NiSi Filtro PRO Nano 82mm IR Filtro ND64 6 Stop + Polarizzatore CPL Integrato in Un Unico Filtro";96;115,00;22;0;;2025-03-05;2025-03-05;;;;;;"NiSi PRO Nano 82mm IR ND64 6 Stop + CPL Polarizer All-in-One Filter"
;253755;Fotografia;"Filtri Fotografici";"NiSi Filtro Pro Nano IR ND64 6 Stop + Polarizzatore CPL integrato in un unico filtro (72 mm)";92;95,00;22;0;;2025-03-10;2025-03-10;;;;;;"NiSi IR ND64 6 Stop + CPL Filter 72mm, Nano Pro Nano technology"
;253641;Fotografia;"Filtri Fotografici";"NiSi Filtro Pro Nano IR ND64 6 Stop + Polarizzatore CPL integrato in un unico filtro (77 mm)";92;103,00;22;0;;2025-03-05;2025-03-05;;;;;;"NiSi Nano IR ND64 6 Stop + CPL Filter 77mm"
;253690;Fotografia;"Filtri Fotografici";"NiSi Filtro Protettivo 52mm UV HUC (Ultra Hard Coating) con 18 rivestimenti multistrato UHD, rivestimento ultra duro, Nano Coati";128;22,99;22;0;;2025-03-06;2025-03-06;;;;;;"NiSi 52mm UV Protect Filter, UHD Coating with 18 Multi-Coat Layers, Nano Coati"
;253629;Fotografia;"Filtri Fotografici";"NiSI Filtro Protettivo UHC UV (Ultra Hard Coating) con 18 rivestimenti multistrato UHD, rivestimento ultra duro, Nano Coating®, ";129;24,99;22;0;;2025-03-05;2025-03-05;;;;;;"NiSI UHC UV Filter, 18-layer UHD nano coating, ultra hard protection."
;253697;Fotografia;"Filtri Fotografici";"NiSi Filtro Swift Black Mist 1/8 82mm., Swift System, a pressione montati a attrito, vetro ottico, rivestimento nano impermeabil";128;109,00;22;0;;2025-03-06;2025-03-06;;;;;;"NiSi Swift Black Mist 1/8 82mm. Système, snap-on, vetro ottico, nano repellente."
;253751;Fotografia;"Filtri Fotografici";"NiSi Filtro UV Armor FX 62 mm – Filtro di protezione UV a prova di esplosione, filtro obiettivo con rivestimento nano doppio str";130;65,00;22;0;;2025-03-10;2025-03-10;;;;;;"NiSi UV Armor FX 62mm – Protezione UV, resistente, con rivestimento nano doppio."
;253859;Fotografia;"Filtri Fotografici";"NiSi Filtro UV Armor FX Pro Nano Coating L395 Protezione antideflagrante per obiettivo 67mm";91;69,00;22;0;;2025-03-14;2025-03-14;;;;;;"NiSi UV Armor FX Pro Nano Coating 67mm Lens Protect, Anti-Shock, Durable"
;253483;Fotografia;"Filtri Fotografici";"NiSi Filtro UV HUC (62mm) (Ultra Hard Coating) con 18 rivestimenti multistrato UHD, rivestimento ultra duro, Nano Coating®, ultr";129;25,99;22;5;;2025-02-24;2025-02-24;;;;;;"NiSi UV HUC 62mm, nano-coating, 18-layer UHD multi-coat, ultra hard"
;253464;Fotografia;"Filtri Fotografici";"NiSi Filtro UV HUC (rivestimento ultra duro), 18 rivestimenti multistrato UHD, rivestimento nano ultra duro, idrofobo, resistent";128;28,99;22;5;;2025-02-24;2025-02-24;;;;;;"NiSi UV Filter HUC, 18-layer UHD, nano coat, hydrophobic, durable"
;253855;Fotografia;"Filtri Fotografici";"NiSi Filtro UV IR Cut 82mm per Sistema Swift | senza filettatura, a pressione con Anello Swift o sopra VND True Color 1-5 Stop";126;109,00;22;5;;2025-03-14;2025-03-14;;;;;;"NiSi UV/IR Cut 82mm for Swift System, press-on with Swift ring or VND 1-5 Stop"
;253469;Fotografia;"Filtri Fotografici";"NiSi HUC PRO Nano IR ND1000 filtro circolare da 77 mm | Filtro obiettivo fotocamera a densità neutra 10-stop | Vetro ottico, riv";129;52,00;22;5;;2025-02-24;2025-02-24;;;;;;"NiSi HUC PRO Nano IR ND1000 77mm Filter | 10-stop neutral density for cameras"
;253470;Fotografia;"Filtri Fotografici";"NiSi HUC PRO Nano IR ND1000 filtro circolare da 82 mm | Filtro obiettivo fotocamera a densità neutra 10-stop | Vetro ottico, riv";129;55,00;22;5;;2025-02-24;2025-02-24;;;;;;"NiSi HUC PRO Nano IR ND1000 82mm | Filtro ND 10 stop per obiettivo | Vetro ottico"
;253492;Fotografia;"Filtri Fotografici";"NiSi JetMag - Kit di filtri magnetici Pro da 82 mm con bloccaggio, kit filtro ND orizzontale (FS ND8, FS ND64, FS ND1000, True C";128;429,90;22;5;;2025-02-24;2025-02-24;;;;;;"NiSi JetMag Pro 82mm set filtri magnetici (ND8, ND64, ND1000) con bloccaggio"
;253495;Fotografia;"Filtri Fotografici";"NiSi JetMag Pro 82MAG - Tappo posteriore magnetico resistente per filtri da 82 MAG, attacco rapido e chiusura sicura, design sot";128;34,90;22;5;;2025-02-24;2025-02-24;;;;;;"NiSi JetMag Pro 82MAG—Magnetic rear cap, quick mount, secure lock, compact."
;253503;Fotografia;"Filtri Fotografici";"NiSi JetMag Pro 82MAG FS ND1000 - Filtro magnetico a densità neutra a spettro completo 10 stop (3.0) - Vetro ottico nano rivesti";129;79,90;22;5;;2025-02-25;2025-02-25;;;;;;"NiSi JetMag Pro 82MAG FS ND1000 - Filter ND 10 stops, nano-coated glass"
;253501;Fotografia;"Filtri Fotografici";"NiSi JetMag Pro 82MAG Natural Night - Filtro magnetico per la riduzione dell''inquinamento luminoso per fotografia notturna e as";128;89,90;22;5;;2025-02-25;2025-02-25;;;;;;"NiSi JetMag Pro 82MAG: Magnetic filter for night sky & astro pics."
;253502;Fotografia;"Filtri Fotografici";"NiSi JetMag Pro Kit filtro magnetico da 82 mm con blocco - Capture Kit (filtro UV NC, True Color CPL, anello adattatore magnetic";128;294,90;22;5;;2025-02-25;2025-02-25;;;;;;"NiSi JetMag Pro Kit 82mm mag filter w/ lock—UV NC, True Color CPL, adaptor"
;253752;Fotografia;"Filtri Fotografici";"NiSi Kit FIltri 67mm Circular Filter Long Exposure Kit, Including ND8(3 stops), ND64(6 stops)+CPL, ND1000(10 stops), ND32000(15 ";128;155,00;22;5;;2025-03-10;2025-03-10;;;;;;"NiSi 67mm CPL + ND Filters Kit (ND8, ND64, ND1000, ND32000)"
;253636;Fotografia;"Filtri Fotografici";"NiSi Kit Filtri ND Circolari - 67mm - Include ND8 (3 stops), ND64 + CPL (6 Stop+CPL Filtro 2in1), ND1000 (10 stops) e Custodia";126;119,00;22;5;;2025-03-05;2025-03-05;;;;;;"NiSi 67mm Filter Kit: ND8, ND64+CPL, ND1000 + Case"
;253617;Fotografia;"Filtri Fotografici";"NiSi Kit Filtri ND Circolari 77mm, con ND8 (3 Stop), ND64+CPL (6 Stop), ND1000 (10 Stop), Accessori e Custodia";110;139,00;22;0;;2025-03-05;2025-03-05;;;;;;"NiSi 77mm Filter Kit: ND8 (3 stop), ND64+CPL (6 stop), ND1000 (10 stop) + Cases"
;253619;Fotografia;"Filtri Fotografici";"NiSi Kit Filtri Swift System 1-9 VND da 77 mm | Filtro a densità neutra variabile True Color da 1 a 5 stop con ND16 montato ad a";129;269,90;22;0;;2025-03-05;2025-03-05;;;;;;"NiSi Swift ND 1-5 Stop Kit 77mm, VND Filter for S-cam, True Color"
;253637;Fotografia;"Filtri Fotografici";"NiSi Kit Filtri Swift True Color VND 67mm 1-5 & 5-9 Stop (1-9 Stop totali) | Filtro ND-Vario 1-5 Stops + ND 4 Stop per effetto 5";128;234,90;22;0;;2025-03-05;2025-03-05;;;;;;"NiSi Swift True Color VND 67mm 1-9 Stop + ND 4 Stop Filter Combo"
;253628;Fotografia;"Filtri Fotografici";"NiSi Kit Filtri Swift VND Mist Kit da 77 mm – True Colour 1 – 5 apertura variabile ND filtro + filtro ND16 (4 aperture) a densit";132;364,90;22;5;;2025-03-05;2025-03-05;;;;;;"NiSi Swift VND Mist 77mm Kit – True Colour 1–5 stop, ND16 (4-stop) filters"
;253877;Fotografia;"Filtri Fotografici";"NiSi Kit Filtri True Color VND 95mm 1-5 & 5-9 Stop (1-9 Stop totali) Kit Swift | Filtro ND-Vario 1-5 Stops + ND 4 Stop per effet";128;349,90;22;0;;2025-03-14;2025-03-14;;;;;;"NiSi 95mm VND Kit 1-9 Stops (1-5 & 5-9) + ND 4 Stop for effects"
;253630;Fotografia;"Filtri Fotografici";"NiSI Kit Filtro circolare da 77 mm per lunga esposizione, inclusi ND8 (3 stop), ND64 (6 stop) + CPL, ND1000 (10 stop), ND32000 (";128;175,00;22;5;;2025-03-05;2025-03-05;;;;;;"NiSI 77mm Circular Filter Kit: ND8/ND64+CPL/ND1000/ND32000"
;253689;Fotografia;"Filtri Fotografici";"NiSi Kit filtro fotocamera per cellulare / obiettivo fotocamera per iOS iPhone Smartphone – Filmmaker kit filtri";114;149,00;22;0;;2025-03-06;2025-03-06;;;;;;"NiSi Smartphone & iPhone Camera Filter Kit – Filmmaker Filters"
;253862;Fotografia;"Filtri Fotografici";"NiSi Kit filtro per Fuji FUJIFILM X70 / X100 / X100S / X100F / X100T / X100V – Starter Kit (1 filtro graduato medio + 1 filtro p";130;49,90;22;5;;2025-03-14;2025-03-14;;;;;;"NiSi Fixt Kit for Fuji X70/X100 Series: 1 Grd & 1 P Filter"
;253607;Fotografia;"Filtri Fotografici";"NiSi Kit Filtro Swift VND da 82 mm – True Color 1 – 5 pannelli filtro ND variabile + ND16 (4 diaframmi) neutro";114;289,90;22;0;;2025-03-04;2025-03-04;;;;;;"NiSi Swift VND 82mm Kit—True Color 1, 5 Pannelli + ND16 (4 stops) Neutral"
;253615;Fotografia;"Filtri Fotografici";"NiSi Landscape Filter Kit IP-A + P2 iPhone,  Kit filtri per fotocamera iOS iPhone Smartphone";92;69,90;22;5;;2025-03-05;2025-03-05;;;;;;"NiSi Landscape Filter Kit IP-A + P2 for iPhone & Smartphone Cameras"
;253631;Fotografia;"Filtri Fotografici";"NiSi Long Exposure Kit di Filtri ND Circolari 82mm, Filtro ND8 (3 Stop), ND64+CPL (6 Stop e polarizzatore incluso), ND1000 (10 S";128;185,00;22;5;;2025-03-05;2025-03-05;;;;;;"NiSi 82mm Long Exp Kit: ND8 (3 Stop), ND64+CPL, ND1000 (10 Stop) filters."
;253523;Fotografia;"Filtri Fotografici";"NiSi ND Filtri Kit Lunga Esposizione - Incluso ND8 (0.9), ND64 (1.8), ND1000 (3.0) Filtro con Accessori Gratuiti 1x NiSi Sacchet";128;349,00;22;0;;2025-02-26;2025-02-26;;;;;;"NiSi ND Kit Lunga Esposizione: ND8, ND64, ND1000 + Accessori + Sacca"
;253516;Fotografia;"Filtri Fotografici";"NiSi ND Filtro a Densità Neutra ND1000 (3.0) 10 Stop, 100X100mm, Nano Coating, Rivestimento IR, Vetro Ottico";109;109,00;22;5;;2025-02-26;2025-02-26;;;;;;"NiSi ND1000 (3.0) 10 Stop, 100x100mm, Nano Coating, IR Coating, Optical Glass"
;253536;Fotografia;"Filtri Fotografici";"NiSi Night Kit V7 di Filtri 100mm, Kit di 2 filtri (NiSi Star Soft 100x150, NiSi Natural Night 100x100) con Holder NiSi V7 con T";128;409,00;22;5;;2025-02-26;2025-02-26;;;;;;"NiSi Night Kit V7 100mm: 2 filtri (Star Soft 100x150, Nat Night 100x100) + Holder"
;253558;Fotografia;"Filtri Fotografici";"NiSi P1/P2 GND8 - Filtro graduato Soft grigio Soft GND For Compact System (0.3) 3 Stop";86;19,99;22;0;;2025-02-26;2025-02-26;;;;;;"NiSi P1/P2 GND8 - Soft Gray ND Filter, 3-Stop, for Compact Systems (0.3)"
;253651;Fotografia;"Filtri Fotografici";"NiSi Pro Nano IR Filtro ND64 6 Stop + Polarizzatore CPL integrato in un unico filtro (67 mm)";92;88,00;22;5;;2025-03-05;2025-03-05;;;;;;"NiSi Pro Nano IR ND64 + CPL Filter 67mm (6 stop)"
;253570;Fotografia;"Filtri Fotografici";"NiSi Professional Kit+ (Plus) per Drone Mavic 2 Pro (8 Filtri), ND4/PL, ND8/PL, ND16/PL, ND32/PL, ND64/PL, Polarizzatore Landsca";128;189,00;22;5;;2025-02-28;2025-02-28;;;;;;"NiSi Pro Kit+ Mavic 2 Pro: 8 filtri (ND4/PL, ND8/PL, ND16/PL, ND32/PL, ND64/PL), PL"
;253849;Fotografia;"Filtri Fotografici";"NiSi Set Filtri Circolari 82mm Circular Filter Professional Kit, Including HUC UV Filter, Ti Enhance CPL, Natural Night Filter, ";128;259,00;22;0;;2025-03-14;2025-03-14;;;;;;"NiSi 82mm Circular Filter Kit: HUC UV, Ti CPL, Night Filter, Pro Gear"
;253878;Fotografia;"Filtri Fotografici";"NiSI Set Filtri, Kit di avvio filtro circolare da 82 mm, incluso filtro UV HUC, HUC CPL e custodia per filtro";109;115,00;22;5;;2025-03-14;2025-03-14;;;;;;"NiSI Filter Kit: 82mm circle, UV HUC, CPL, case included."
;253605;Fotografia;"Filtri Fotografici";"NiSi Star Soft Filtro 100 x 150 mm. filtri effetto per la fotografia notturna e astrofotografia";95;129,00;22;0;;2025-03-04;2025-03-04;;;;;;"NiSi Star Soft 100x150mm filter for night & astro photography effects"
;253850;Fotografia;"Filtri Fotografici";"NiSi Swift Add-on Kit 77mm per True Color VND 1-5 Stop | Filtro ND16 (4 Stop) + Filtro Black Mist 1/4";101;204,90;22;5;;2025-03-14;2025-03-14;;;;;;"NiSi Swift Kit 77mm for True Color VND 1-5 Stop + ND16 (4 Stop) & Black Mist 1/4"
;253851;Fotografia;"Filtri Fotografici";"NiSi True Color VND 72mm 1-5 & 5-9 Stop (1-9 Stop totali) Kit Swift | Sistema Swift con aggancio rapido a pressione";115;249,90;22;0;;2025-03-14;2025-03-14;;;;;;"NiSi True Color VND 72mm 1-9 Stop Kit | Swift Press Mount System"
;253852;Fotografia;"Filtri Fotografici";"NiSi UHC CPL Filtro polarizzatore circolare, 82 mm, con rivestimento ultra rigido, polarizzatore";96;36,99;22;0;;2025-03-14;2025-03-14;;;;;;"NiSi UHC CPL 82mm, anti-rigido, circolare, filtro polarizzatore"
;253505;Fotografia;"Lenti di conversione";"NiSi Lente Close-Up NC Macro II 77mm (Kit con adattatori 72, 67mm, Custodia e Lens Cap)";87;139,00;22;5;;2025-02-25;2025-02-25;;;;;;"NiSi NC Macro II 77mm Kit: adapt. 72/67mm, case & lens cap included"
;253510;Fotografia;"Macro Fotografia";"NiSi Guida per messa a fuoco macro NM200s – Rotabile a 360° Stabilizzatore Macro Slide/Macro Regolazione Scorrimento / Guida di ";131;199,00;22;5;;2025-02-25;2025-02-25;;;;;;"NiSi Macro Focu Guide NM200s – 360° Rot. Stab. Slide/Regol. Scorrimento"
;253512;Fotografia;"Macro Fotografia";"NiSi Kit obiettivo close-up NC da 49 mm, filtro macro per primo piano, filettatura 49 mm, 9 diottrie, rivestimento nano, custodi";128;89,00;22;0;;2025-02-25;2025-02-25;;;;;;"NiSi NC Macro Kit 49mm, filter, 9D, nano-coating, case, for close-up shots"
;253507;Fotografia;"Macro Fotografia";"NiSi NM-180 Messa a punto Macro Rail Slitta Scorrevole 160 mm Operative, guida scorrevole per messa a fuoco";107;129,00;22;5;;2025-02-25;2025-02-25;;;;;;"NiSi NM-180 Macro Rail, 160mm, slide guide for focus, smooth operation"
;255820;Gadget;Oggettistica;"Harry Potter Cookie Jar Honeydukes Biscottiera Barattolo per biscotti in ceramica";81;33,77;22;5;;2025-05-29;2025-05-29;;;;;;"Harry Potter Cookie Jar, Honeydukes, Biscuit Tin, Ceramic Storage"
;256295;Gadget;"Statue & Busti";"One Piece POP Portrait Of Pirates WA-MAXIMUM Kaido the Beast(Super limited reprint) Statue";90;689,00;22;5;;2025-06-10;2025-06-10;;;;;;"One Piece POP Kaido WA-MAXIMUM Statue (Limited reprint)"
;255595;Gadget;"Figure PVC/Resina";"Boruto: Naruto Next Generations Baryon Mode GLOW (exclusive) POP Animation #1361 Vinyl Figure";93;44,60;22;5;;2025-05-06;2025-05-06;;;;;;"Boruto Naruto Next Gen Baryon Mode GLOW POP Fig #1361 Vinyl (Excl)"
;255651;Gadget;"Figure PVC/Resina";"Captain America: Brave New World Sipersized Red Hulk POP Marvel #1366 Vinyl Figure";82;24,60;22;5;;2025-05-06;2025-05-06;;;;;;"Cap Am: Brave New World Sizzly Red Hulk POP Marvel #1366 Vinyl Figure"
;255653;Gadget;"Figure PVC/Resina";"Dragon Ball Super: Broly Super Saiyan God Vegeta POP Animation #1862 Vinyl Figure";81;15,40;22;5;;2025-05-06;2025-05-06;;;;;;"DBS Broly Super Saiyan God Veg POP Fig #1862 Vinyl"
;255507;Gadget;"Figure PVC/Resina";"Il Signore Degli Anelli Lord of the Rings Arwen (Coronation) POP Movies #1745 Vinyl Figure";90;16,99;22;5;;2025-05-05;2025-05-05;;;;;;"Arwen Lord of the Rings POP #1745 Vinyl Figure (Coronation)"
;255650;Gadget;"Figure PVC/Resina";"Lord Of The Rings Gandalf With Doors Of Durin Deluxe POP Movies #1746 Vinyl Figure";82;38,50;22;5;;2025-05-06;2025-05-06;;;;;;"Gandalf with Durin's Doors Deluxe POP #1746 Vinyl Figure"
;255630;Gadget;"Figure PVC/Resina";"Michael Jordan Bulls White Warmup (exclusive) NBA POP Basketball #84 Vinyl Figure";81;16,99;22;5;;2025-05-06;2025-05-06;;;;;;"MJ Bulls White Warmup NBA Pop Figurine #84 Vinyl (Exclusive)"
;255343;Gadget;"Figure PVC/Resina";"Mobile Suit Gundam MS-06S Char's Zaku II Supersized POP Animation #1717 Vinyl Figure";84;22,89;22;5;;2025-05-05;2025-05-05;;;;;;"Char's Zaku II Vinyl Fig- POP Anim #1717, MS-06S, Mobile Suit Gundam"
;255588;Gadget;"Figure PVC/Resina";"Stranger Things S4 Eddie w/ Guitar (exclusive) Blacklight POP Television #1250 Vinyl Figure";91;16,90;22;5;;2025-05-06;2025-05-06;;;;;;"Stranger Things S4 Eddie w/ Guitar (excl.) Blacklight POP TV #1250 Vinyl Figure"
;255488;Gadget;"Figure PVC/Resina";"Teenage Mutant Ninja Turtles TMNT Michelangelo (Easter) POP Television #1668 Vinyl Figure";89;16,99;22;5;;2025-05-05;2025-05-05;;;;;;"TMNT Michelangelo (Easter) POP TV #1668 Vinyl Figure - TMNT Egg-Stravaganza"
;255536;Gadget;"Figure PVC/Resina";"Teenage Mutant Ninja Turtles TMNT The Last Ronin Leonardo POP Comics #43 Vinyl Figure";85;16,56;22;5;;2025-05-05;2025-05-05;;;;;;"TMNT Last Ronin Leo POP Vinyl #43 Collectible Figure"
;255537;Gadget;"Figure PVC/Resina";"Teenage Mutant Ninja Turtles TMNT The Last Ronin Raffaello POP Comics #44 Vinyl Figure";86;16,56;22;5;;2025-05-05;2025-05-05;;;;;;"TMNT Last Ronin Raffaello POP Comic #44 Vinyl Figure"
;255487;Gadget;"Figure PVC/Resina";"Teenage Mutant Ninja Turtles TMNT Turtles Leonardo (Easter) POP Television #1667 Vinyl Figure";93;16,99;22;5;;2025-05-05;2025-05-05;;;;;;"TMNT Leo Easter POP Vinyl Figure #1667 – Turtles Toy, Collectible"
;255535;Gadget;"Figure PVC/Resina";"Teenage Mutant Ninja Turtles TMNT Turtles The Last Ronin Donatello POP Comics #42 Vinyl Figure";94;18,29;22;5;;2025-05-05;2025-05-05;;;;;;"TMNT Last Ronin Donatello POP Vinyl Figure #42, ages 14+"
;256371;Gadget;"Model Kit";"Yu-Gi-Oh! Duel Monsters Summoning God Exodia Color Coded Figure Rise Standard Amplified Model Kit";97;62,50;22;0;;2025-06-12;2025-06-12;;;;;;"Exodia Figure Rise Std Kit — Duel Monsters Summoning, Color Coded, Amplified"
;255706;"Bellezza e Benessere";"Accessori Capelli";"Accessori Capelli Elastico Per Capelli In Tela 3 Pi?ces Gabby?s Dollhouse ROSA | FEMMINA";88;5,65;22;5;;2025-05-16;2025-05-16;;;;;;"Elastic Hair Accessory Set, 3pcs, Tela, Rosa, Gabby’s Dollhouse, Fem."
