Sel;ID;Cat;Subcat;Nome;Len;Prezzo;Iva;Dispo gg.;In Ordine;Insert;Uscita;Promo_Cod;Promo_Desc;Promo_Scad;Link;NuovaDescrizione;
;253678;;Abbigliamento;ABYSTYLE One Piece Calzini Skull One Size (38-43) nero, 70% cotone, 27% poliestere, 3% elastan.;95;10,96;22;5;;06/03/2025;06/03/2025;;;;;;ABYSTYLE OP Skull Socks, OS (38-43), black, 70% cotton, 27% poli, 3% elastan
;253647;Fotografia;Accessori Fotografici;NiSi Wizard W-63 Compatibile con Sony | Staffa di rotazione orizzontale/verticale, Arca-Swiss compatibile, rotazione a 0°, 90° e;130;84,99;22;5;;05/03/2025;05/03/2025;;;;;;NiSi Wizard W-63 for Sony | Tripod head, Arca-Swiss, 0°, 90° rot.
;253625;Fotografia;Accessori Fotografici;NiSi Wizard W-72 Compatibile con Fujifilm, Nikon Z, Panasonic S5, Leica SL/SL2 | Staffa di rotazione orizzontale/verticale, Arca;128;84,99;22;5;;05/03/2025;05/03/2025;;;;;;NiSi W-72 for Fuji, Nikon Z, Panasonic S5, Leica SL/2 | Rotates, Arca compat.
;253626;Fotografia;Accessori Fotografici;NiSi Wizard W-82D Compatibile con fotocamere DSLR | Staffa di rotazione orizzontale/verticale, Arca-Swiss compatibile, rotazione;128;84,99;22;5;;05/03/2025;05/03/2025;;;;;;NiSi Wizard W-82D for DSLR, horiz/vert rot, Arca-Swiss compat.
;253621;Fotografia;Accessori Fotografici;NiSi Wizard W-82M Compatibile con fotocamere Canon serie R | Staffa di rotazione orizzontale/verticale, Arca-Swiss compatibile, ;128;84,99;22;5;;05/03/2025;05/03/2025;;;;;;"NiSi Wizard W-82M for Canon R series; rot. head, Arca-Swiss compat."
;253545;Fotografia;Adattatori e portafiltri;NiSi Anello adattatore S6 per filettature di filtri standard (adattatori da 105 mm, 95 mm, 82 mm inclusi) | Adattatore per obiet;128;149;22;5;;26/02/2025;26/02/2025;;;;;;NiSi S6 Ring Adapter for standard filter threads (105mm, 95mm, 82mm incl.)
;253498;Fotografia;Adattatori e portafiltri;NiSi JetMag Pro 62mm-82MAG Adattatore obiettivo filettatura 62 mm per collegare filtri magnetici 82MAG;102;19,9;22;5;;24/02/2025;24/02/2025;;;;;;NiSi JetMag Pro 62mm-82MAG Lens Adapter for 62mm filters & 82MAG mag filters
;253499;Fotografia;Adattatori e portafiltri;NiSi JetMag Pro 67mm-82MAG Adattatore obiettivo filettatura 67 mm per collegare filtri magnetici 82MAG;102;19,9;22;5;;24/02/2025;24/02/2025;;;;;;NiSi JetMag Pro 67mm-82MAG Lens Adapter for 82MAG magnetic filters
;253494;Fotografia;Adattatori e portafiltri;NiSi JetMag Pro 82mm-82MAG Anello Adattatore obiettivo filettatura 82 mm per collegare filtri magnetici 82MAG;109;19,9;22;0;;24/02/2025;24/02/2025;;;;;;NiSi JetMag Pro 82mm Adapter Ring for 82mm Magnetic Filters
;253573;Fotografia;Adattatori e portafiltri;NiSi Kit Advanced 150 di Filtri da 150mm (no Holder, include 4 filtri di larghezza 150mm);89;629;22;5;;28/02/2025;28/02/2025;;;;;;NiSi Kit Adv 150mm Filters (No Holder, 4 x 150mm Filters Included)
;253508;Fotografia;Adattatori e portafiltri;NiSi Kit portafiltro V7 da 100 mm con True Color CPL, con anello adattatore da 67-82 mm, 72-82 mm e 77-82 mm;108;249;22;5;;25/02/2025;25/02/2025;;;;;;NiSi V7 100mm filter kit + True Color CPL + adapter rings 67-82/72-82/77-82
;253879;Fotografia;Adattatori e portafiltri;NiSi Kit Starter 150 di Filtri da 150mm (no Holder, include 3 filtri di larghezza 150mm);88;479;22;0;;14/03/2025;14/03/2025;;;;;;NiSi Starter Kit 150mm Filters (no Holder, 3 pcs, 150mm wide)
;253544;Fotografia;Adattatori e portafiltri;NiSi Portafiltro da 100 mm - Switch (compatibile con l'adattatore principale da 82 mm di V6 / V5-Pro ??/ V5);108;90;22;5;;26/02/2025;26/02/2025;;;;;;NiSi 100mm Filter Holder - Switch, comp. with V6/V5-Pro 82mm adapter
;253569;Fotografia;Adattatori e portafiltri;NiSi Portafiltro da 100mm per Olympus 7-14 mm f/2.8 PRO | Contiene 2 filtri da 100x100 mm e 100x150 mm (ND, GND, ecc.), rotazion;128;89;22;0;;27/02/2025;27/02/2025;;;;;;"NiSi 100mm Filter Holder for Olympus 7-14mm f/2.8 PRO; w/ 2 filters (ND, GND), rotate."
;253528;Fotografia;Adattatori e portafiltri;NiSi Professional Kit V7 e Filtri a lastra 100mm, Kit 7 filtri (GND Soft/Medium/Reverse 3 Stop, ND8 3 Stop, ND64 6 Stop, ND1000 ;128;929;22;5;;26/02/2025;26/02/2025;;;;;;NiSi Pro V7 Kit + 100mm Filters: 7pcs (GND Soft/Med/Rev, ND8, ND64, ND1000)
;253580;Fotografia;Adattatori e portafiltri;NiSi S6 Supporto per Filtro per Sony FE 12-24 mm F4 G (True Color CPL) – 150 mm  Filter Holder System;103;419;22;5;;28/02/2025;28/02/2025;;;;;;NiSi S6 Filter Holder for Sony FE 12-24mm F4 G (True Color CPL) – 150mm
;253608;Fotografia;Adattatori e portafiltri;NiSi Starter Kit V7 di Filtri 100mm, Kit di 2 filtri (GND 100x150 Medium 3 Stop, ND 100x100 ND1000 10 Stop) con Holder NiSi V7 c;128;399;22;5;;05/03/2025;05/03/2025;;;;;;NiSi V7 Starter Kit 100mm: 2 filters (GND 150x100, ND 100x100, 10 stops) & holder
;253466;Fotografia;Filtri Fotografici;Filtro UV HUC (Ultra Hard Coating) con 18 rivestimenti multistrato UHD, rivestimento ultra duro, Nano Coating®, ultra-sottile re;129;26,99;22;5;;24/02/2025;24/02/2025;;;;;;UV HUC Filter with 18 UHD multicoats & Nano Coating® for ultra-thin durability
;253471;Fotografia;Filtri Fotografici;Filtro UV HUC (Ultra Hard Coating) con 18 rivestimenti multistrato UHD, rivestimento ultra duro, Nano Coating®, ultra-sottile re;129;29,99;22;5;;24/02/2025;24/02/2025;;;;;;UV Filter HUC, 18-layer UHD, Nano Coating®, ultra-thin, super hard.
;253475;Fotografia;Filtri Fotografici;Filtro UV HUC (Ultra Hard Coating) con 18 rivestimenti multistrato UHD, rivestimento ultra duro, Nano Coating®, ultra-sottile re;129;27,99;22;5;;24/02/2025;24/02/2025;;;;;;UV HUC Filter with 18 UHD multi-coat layers, nano coating, ultra-thin, hard.
;253550;Fotografia;Filtri Fotografici;NiSi - Filtro circolare naturale notturno 112 mm per Nikon Z 14-24 mm f/2.8S (filtro di inquinamento della luce);112;199;22;5;;26/02/2025;26/02/2025;;;;;;NiSi 112mm NL Night Circular Filter for Nikon Z14-24mm f/2.8S (light pollution)
;253493;Fotografia;Filtri Fotografici;NiSi - JetMag Pro 82MAG Lens Front Cap - Lente magnetica durevole e protezione filtro per filtri di dimensioni 82MAG - Attacco r;128;34,9;22;5;;24/02/2025;24/02/2025;;;;;;NiSi JetMag Pro 82MAG Cap — Durable magnet lens protector for 82MAG filters
;253496;Fotografia;Filtri Fotografici;NiSi - JetMag Pro 82MAG True Color CPL, filtro magnetico circolare polarizzatore lente - Vetro ottico nano rivestito, telaio in ;128;99,9;22;5;;24/02/2025;24/02/2025;;;;;;NiSi JetMag Pro 82MAG CPL, magnetico polarizzatore, vetro nano, telaio in.
;253756;Fotografia;Filtri Fotografici;NiSi 67mm Circular Starter Filter Kit, Including HUC UV Filter, HUC CPL and Filter Pouch;88;95;22;5;;10/03/2025;10/03/2025;;;;;;NiSi 67mm Starter Filter Set: UV, CPL, + Pouch
;253860;Fotografia;Filtri Fotografici;NiSi 77mm Circular Filter Professional Kit, Including HUC UV Filter, Ti Enhance CPL, Natural Night Filter, ND1000(10 stops) and ;128;249;22;5;;14/03/2025;14/03/2025;;;;;;NiSi 77mm CPL Kit: UV, Ti CPL, Night, ND1000 filters included.
;253618;Fotografia;Filtri Fotografici;NiSi 82mm Kit Filtri Circolari ND Filter Kit, Including ND8(3 stops), ND64(6 stops)+CPL, ND1000(10 stops) and Filter Pouch;122;149;22;5;;05/03/2025;05/03/2025;;;;;;NiSi 82mm Filter Kit: ND8, ND64+CPL, ND1000 + Pouch (Under 80 chars)
;253530;Fotografia;Filtri Fotografici;NiSi C5 Matte Box Cinema Kit – C5 Mattebox, Filtro vassoio True Color 1 – 5 filtri VND True Color Rotating PL, 4 filtri 5.65 FS ;132;699;22;5;;26/02/2025;26/02/2025;;;;;;NiSi C5 Matte Box Kit: C5 grip, TrueColor tray, 5 VND, Rotating PL, 4x5.65 filters
;253537;Fotografia;Filtri Fotografici;NiSi C5 Matte Box Filmmaker Kit – C5 Mattebox, Filtro vassoio True Color 1 – 5 filtri VND 4 filtri 5.65 FS ND16, 4 filtri Black ;132;569;22;0;;26/02/2025;26/02/2025;;;;;;NiSi C5 Matte Box Kit: includes C5, True Color tray, 5 filters, VND, ND16, Black
;253553;Fotografia;Filtri Fotografici;NiSi C5 Matte Box Starter Kit – C5 Matte Box, vassoio filtro e anello adattatore, compatibile con obiettivo fotocamera da 67 mm/;130;199;22;5;;26/02/2025;26/02/2025;;;;;;NiSi C5 Matte Box Kit – C5, filter tray, adapter ring, fits 67mm cams.
;253548;Fotografia;Filtri Fotografici;NiSi Cinema 4x5.65 ND 1.5 | Filtro per lenti a densità neutra 5-stop per scatole opache 4x5.65 | Fotografia e videografia;122;245;22;5;;26/02/2025;26/02/2025;;;;;;NiSi 4x5.65 ND 1.5 Filter — 5-stop neutral density for lenses, photo & video
;253549;Fotografia;Filtri Fotografici;NiSi Cinema 4x5.65 True Color Polarizzatore Lineare | Filtro Lente Polarizzatore per Scatole Opache 4x5.65 | Fotografia e Videog;128;245;22;0;;26/02/2025;26/02/2025;;;;;;NiSi Cinema 4x5.65 Polarizer - Linear Filter for Opak Boxes, Photo & Video
;253560;Fotografia;Filtri Fotografici;NiSi Cinema Allure Streak - Filtro circolare circolare rotante per effetto speciale, 82 mm, colore: Blu;103;119;22;5;;26/02/2025;26/02/2025;;;;;;NiSi Cine Allure Streak, rot. filter, 82mm, Blue for special effects
;253468;Fotografia;Filtri Fotografici;NiSi Contenitore porta filtri per filtro circolare, nero, 8 Filter Pockets Up to 95mm (Version II), Organizer tascabile;119;29;22;5;;24/02/2025;24/02/2025;;;;;;NiSi Filter Case for Circular Filters, Black, 8 Pockets, Up to 95mm, Compact
;253542;Fotografia;Filtri Fotografici;NiSi Extreme Kit con 4 Filtri ND e Accessori - Kit Filtri ND 100mm con ND8, ND64, ND1000, ND32000, 1x NiSi Custodia per 4 Filtri;128;439;22;5;;26/02/2025;26/02/2025;;;;;;NiSi Extreme 4-Filtri ND Kit (8,64,1000,32000) + Accessories + Case
;253858;Fotografia;Filtri Fotografici;NiSi Filtro 55mm UV HUC (Ultra Hard Coating) con 18 rivestimenti multistrato UHD, ultra duro, Nano Coating;106;23,99;22;5;;14/03/2025;14/03/2025;;;;;;NiSi 55mm UV HUC filter with 18-layer UHD Nano Coating, ultra durable
;253635;Fotografia;Filtri Fotografici;NiSi Filtro 77mm Armor FX PRO Nano L395 UV, blocco ultravioletto, resistente agli urti, filtro di protezione delle lenti - Vetro;128;82;22;0;;05/03/2025;05/03/2025;;;;;;NiSi 77mm Armor FX PRO Nano UV, UV shield, shockproof, lens guard, glass
;253703;Fotografia;Filtri Fotografici;NiSi Filtro 95 mm 1/8 Densità Circolare Nero Mist | Filtro Lente Effetto Nebbia per Fotografia e Videografia;109;109;22;5;;10/03/2025;10/03/2025;;;;;;NiSi 95mm 1/8 ND Circle Black Mist Lens Filter for Photo & Video Effects
;253645;Fotografia;Filtri Fotografici;NiSi Filtro Armor FX PRO Nano L395 UV 82mm - Resistente agli urti, blocco ultravioletto, protezione dell'obiettivo, vetro ottico;128;89;22;0;;05/03/2025;05/03/2025;;;;;;NiSi Armor FX PRO Nano L395 UV 82mm – Shockproof, UV filter, lens protect, optical glass
;253698;Fotografia;Filtri Fotografici;NiSi Filtro Black Mist 1/4 | 82mm per Sistema Swift | senza filettatura da installare a pressione con Anello Swift o sopra VND T;128;109;22;0;;08/03/2025;08/03/2025;;;;;;NiSi Black Mist 1/4, 82mm, for Swift System, snap-on, no threading, VND T
;253699;Fotografia;Filtri Fotografici;NiSi Filtro Black Mist 1/4 | 95mm per Sistema Swift | senza filettatura da installare a pressione con Anello Swift o sopra VND T;128;129;22;5;;08/03/2025;08/03/2025;;;;;;NiSi Black Mist 1/4, 95mm for Swift System, press-fit with Swift Ring or VND T
;253538;Fotografia;Filtri Fotografici;NiSi Filtro Cellulare iPhone fotocamera Filter Kit / Mobile Phone Lens Camera Filter for iOS iPhone Smartphone - Cinema Filter K;128;199;22;5;;26/02/2025;26/02/2025;;;;;;NiSi iPhone Camera Filter Kit for iOS, Mobile Phone Lens, Cinema Filter K
;253491;Fotografia;Filtri Fotografici;NiSi Filtro Circolare 112mm True Color Pro Nano CPL Filtro per Nikon Z 14-24mm f/2.8S;85;199;22;5;;24/02/2025;24/02/2025;;;;;;NiSi 112mm True Color Pro Nano CPL Filter for Nikon Z 14-24mm f/2.8S
;253646;Fotografia;Filtri Fotografici;NiSi Filtro Circolare 72mm Circular Filter ND Filter Kit, Including ND8(3 stops), ND64(6 stops)+CPL, ND1000(10 stops) e Borsa Po;128;129;22;5;;05/03/2025;05/03/2025;;;;;;NiSi 72mm Circular Filter Set: ND8, ND64+CPL, ND1000 + Pouch
;253484;Fotografia;Filtri Fotografici;NiSi Filtro circolare UV UHC da 49 mm con panno di pulizia – vetro bianco acqua, rivestimento ultra duro con trasmissione della ;130;21,99;22;5;;24/02/2025;24/02/2025;;;;;;NiSi UV UHC 49mm CPL filter + cleaning cloth, durable, high light trans.
;253868;Fotografia;Filtri Fotografici;NiSi Filtro di diffusione Black Mist 1/8 da 49 mm - Filtro effetto Promist (apertura 1/8);89;63;22;5;;14/03/2025;14/03/2025;;;;;;NiSi Black Mist 1/8 49mm - Soft effect filter (aperture 1/8)
;253571;Fotografia;Filtri Fotografici;NiSi Filtro GND 1.2 4 Stop 150X170mm Medio (16) Filtro IR graduato multistrato a densità neutra;96;185;22;5;;28/02/2025;28/02/2025;;;;;;NiSi GND 1.2 4 Stop 150x170mm IR ND grad filt (16) multi-layer
;253527;Fotografia;Filtri Fotografici;NiSi Filtro GND Nano IR 1.5 Soft Edge Filter (5-Stops) 100X150mm Nano Multicoated Graduated IR Neutral Density;110;109;22;5;;26/02/2025;26/02/2025;;;;;;NiSi GND Nano IR 1.5 Soft Edge 5-Stop ND Filter 100x150mm, Multi-coated
;253524;Fotografia;Filtri Fotografici;NiSi Filtro GND Nano IR 100X150mm Nano Multicoated Graduated IR Neutral Density 0.9 Reverse Edge Filter (3-Stops);113;109;22;5;;26/02/2025;26/02/2025;;;;;;NiSi GND Nano IR 100x150mm, Multi-Coated, Graduated IR ND 0.9, Reverse Edge
;253535;Fotografia;Filtri Fotografici;NiSi Filtro GND Nano IR 150x170mm 0.9 (3 Stop) Medium GND (Grad ND) Filter - GND8 Multicoated IR in Optical Glass;113;185;22;5;;26/02/2025;26/02/2025;;;;;;NiSi GND Nano IR 150x170mm 0.9 (3 Stop) Grad ND Filter, Multi-coated IR Glass
;253572;Fotografia;Filtri Fotografici;NiSi Filtro GND16 1.2 4 Stop REVERSE 150X170mm Nano Multicoated Graduato IR Neutral Density 1.5 Soft Edge Filter;112;185;22;0;;28/02/2025;28/02/2025;;;;;;NiSi GND16 1.2 4 Stop REVERSE 150x170mm Nano IR ND1.5 Soft Edge
;253598;Fotografia;Filtri Fotografici;NiSi Filtro GND4 0.6 Soft (2-Stop) 100X150mm Nano Multicoated Graduated IR Neutral Density 0.6 Soft Edge Filter (2-Stops);121;109;22;5;;04/03/2025;04/03/2025;;;;;;NiSi GND4 0.6 Soft Grad Filter 100x150mm Nano Coated IR ND (2 Stops)
;253554;Fotografia;Filtri Fotografici;NiSi Filtro Graduato GND 2 stop (0.6) Medium 100x150mm con Nano Coating, trattamento IR, Vetro Ottico;101;109;22;5;;26/02/2025;26/02/2025;;;;;;NiSi GND 2 Stop (0.6) 100x150mm, Nano Coating, IR, Optical Glass
;253519;Fotografia;Filtri Fotografici;NiSi Filtro Graduato GND 3 stop (0.9) Hard 100x150mm con Nano Coating, trattamento IR, Vetro Ottico;99;109;22;5;;26/02/2025;26/02/2025;;;;;;NiSi GND 3 Stop (0.9) Hard 100x150mm, Nano Coating, IR, Optical Glass
;253513;Fotografia;Filtri Fotografici;NiSi Filtro Graduato GND 3 stop (0.9) Medium 100x150mm con Nano Coating, trattamento IR, Vetro Ottico;101;109;22;5;;25/02/2025;25/02/2025;;;;;;NiSi GND 3 Stop (0.9) Medium 100x150mm, Nano Coating, IR, Optical Glass
;253514;Fotografia;Filtri Fotografici;NiSi Filtro Graduato GND 3 stop (0.9) Medium 100x150mm con Nano Coating, trattamento IR, Vetro Ottico;101;109;22;5;;26/02/2025;26/02/2025;;;;;;NiSi GND 3-stop (0.9), 100x150mm, Nano Coating, IR treatment, Optical Glass
;253517;Fotografia;Filtri Fotografici;NiSi Filtro Graduato GND 3 Stop (0.9) Soft 100x150mm con Nano Coating, Trattamento Anti-IR, Vetro Ottico;104;109;22;5;;26/02/2025;26/02/2025;;;;;;NiSi GND 3-Stop (0.9) Soft Filter 100x150mm, Nano Coating, IR Block, Glass
;253521;Fotografia;Filtri Fotografici;NiSi Filtro Graduato GND 4 stop (1.2) Medium 100x150mm con Nano Coating, trattamento IR, Vetro Ottico;101;109;22;5;;26/02/2025;26/02/2025;;;;;;NiSi GND 4 Stop (1.2) 100x150mm Filter, Nano Coating, IR, Optical Glas
;253596;Fotografia;Filtri Fotografici;NiSi Filtro graduato ND (2-Stop) 0,6 75 x 100 mm M75 Nano IR Soft Graduated Neutral Density Filter;98;79;22;5;;03/03/2025;03/03/2025;;;;;;NiSi ND Grad Filter 0.6 75x100mm M75 IR Soft, 2 stops
;253561;Fotografia;Filtri Fotografici;NiSi Filtro IR GND16 150X170mm Nano Multicoated Graduato IR Neutral Density 1.2 Soft Edge Filter (4-Stop);105;185;22;5;;26/02/2025;26/02/2025;;;;;;NiSi IR GND16 150x170mm Nano Coated Soft Edge ND 1.2 Filter (4 Stop)
;253638;Fotografia;Filtri Fotografici;NiSi Filtro IR rivestito ND Filter vetro ottico, filtro a densità neutra, 100X100mm IR ND32000(4.5) 15 Stops super stopper;123;109;22;5;;05/03/2025;05/03/2025;;;;;;NiSi IR ND Filter, glass, 100x100mm, ND32000 (4.5), 15 stops, super stopper
;253552;Fotografia;Filtri Fotografici;NiSi Filtro ND Densità Neutra ND1000K (6.0) 20 Stop, 100X100mm, nano coating, rivestimento IR, Black Hole, Vetro Ottico;120;109;22;5;;26/02/2025;26/02/2025;;;;;;NiSi ND1000K (6.0) 20 stops, 100x100mm, nano & IR coating, Black Hole, Optic Glass
;253556;Fotografia;Filtri Fotografici;NiSi Filtro ND Densità Neutra ND128 (2.1) 7 Stop, 100X100mm, nano coating, rivestimento IR, Little Stopper, Vetro Ottico;121;109;22;5;;26/02/2025;26/02/2025;;;;;;NiSi ND128 7-stop 100x100mm filter, nano & IR coated, Little Stopper, glass
;253532;Fotografia;Filtri Fotografici;NiSi Filtro ND Densità Neutra ND16 (1.2) 4 Stop, 100X100mm, nano coating, rivestimento IR, Vetro Ottico;104;109;22;5;;26/02/2025;26/02/2025;;;;;;NiSi ND16 1.2 (4 stops) 100×100mm, nano & IR coatings, optical glass
;253557;Fotografia;Filtri Fotografici;NiSi Filtro ND Densità Neutra ND2000 (3.3) 11 Stop, 100X100mm, nano coating, rivestimento IR, Vetro Ottico;107;109;22;5;;26/02/2025;26/02/2025;;;;;;NiSi ND2000 (3.3) 11 Stop, 100x100mm, nano-coating, IR coating, optical glass
;253526;Fotografia;Filtri Fotografici;NiSi Filtro ND Densità Neutra ND256 (2.4) 8 Stop, 100X100mm, nano coating, rivestimento IR, Vetro Ottico;105;109;22;5;;26/02/2025;26/02/2025;;;;;;NiSi ND256 (2.4) 8-stop, 100x100mm, nano coat, IR coating, optical glass
;253555;Fotografia;Filtri Fotografici;NiSi Filtro ND Densità Neutra ND32 (1.5) 5 Stop, 100X100mm, nano coating, rivestimento IR, Little Stopper, Vetro Ottico;120;109;22;5;;26/02/2025;26/02/2025;;;;;;NiSi ND32 1.5 5 Stop 100x100mm Nano & IR Coatings, Little Stopper, Glass
;253543;Fotografia;Filtri Fotografici;NiSi Filtro ND Densità Neutra ND4 (0.6) 2 Stop, 100X100mm, nano coating, rivestimento IR, Vetro Ottico;103;109;22;5;;26/02/2025;26/02/2025;;;;;;NiSi ND4 0.6 2-stop, 100x100mm, nano coating, IR coating, optical glass
;253574;Fotografia;Filtri Fotografici;NiSi Filtro ND Densità Neutra ND500 (2.7) 9 Stop, 100X100mm, nano coating, rivestimento IR, Vetro Ottico;105;109;22;5;;28/02/2025;28/02/2025;;;;;;NiSi ND500 (2.7) 9 Stop, 100x100mm, nano coating, IR coating, optical glass
;253511;Fotografia;Filtri Fotografici;NiSi Filtro ND Densità Neutra ND64 (1.8) 6 Stop, 100X100mm, nano coating, rivestimento IR, Little Stopper, Vetro Ottico;120;109;22;5;;25/02/2025;25/02/2025;;;;;;NiSi ND64 (1.8) 6-stop, 100x100mm, nano + IR coating, Little Stopper, glass
;253529;Fotografia;Filtri Fotografici;NiSi Filtro ND Densità Neutra ND64 (1.8) 6 Stop, 150X150mm, nano coating, rivestimento IR, Little Stopper, Vetro Ottico;120;185;22;0;;26/02/2025;26/02/2025;;;;;;NiSi ND64 (1.8), 6 Stops, 150x150mm, nano, IR Coating, Little Stopper, Opt Glass
;253518;Fotografia;Filtri Fotografici;NiSi Filtro ND Densità Neutra ND8 (0.9) 3 Stop, 100X100mm, nano coating, rivestimento IR, Vetro Ottico;103;109;22;0;;26/02/2025;26/02/2025;;;;;;NiSi ND8 Filter (0.9) 3 Stop, 100x100mm, nano coat, IR coating, opt glass
;253531;Fotografia;Filtri Fotografici;NiSi Filtro ND Densità Neutra ND8 (0.9) 3 Stop, 150X150mm, nano coating, rivestimento IR, Vetro Ottico;103;185;22;0;;26/02/2025;26/02/2025;;;;;;NiSi ND8 Filter (0.9) 3 Stop, 150x150mm, nano-coating, IR coating, optical glass
;253856;Fotografia;Filtri Fotografici;NiSi Filtro ND True Color Variable da 43 mm, per 1-5 diaframmi (ND2-ND32) VND Vario ND;86;129;22;5;;14/03/2025;14/03/2025;;;;;;NiSi 43mm VND ND Filter, 1-5 stops (ND2-ND32), true color, variable.
;253467;Fotografia;Filtri Fotografici;NiSi Filtro ND VND VND True Color da 1 a 5 diaframmi ND-Vario variabile, 67 mm (ND2-ND32);89;149;22;0;;24/02/2025;24/02/2025;;;;;;NiSi ND VND True Color 1-5 stops, 67mm (ND2-ND32) variable filter
;253624;Fotografia;Filtri Fotografici;NiSi Filtro ND VND VND True Color da 55 mm - 1-5 diaframmi ND-Vario variabile (ND2-ND32);88;149;22;5;;05/03/2025;05/03/2025;;;;;;NiSi 55mm True Color ND VND 1-5 stops (ND2-ND32) Vario filter
;253845;Fotografia;Filtri Fotografici;NiSi Filtro ND32000 (15 Stop) 67mm PRO Nano HUC IR (Vetro Ottico, Altissima Neutralità e Nano® Coating);105;72;22;5;;14/03/2025;14/03/2025;;;;;;NiSi ND32000 (15 Stops) 67mm PRO Nano IR Filter, Optic Glass, High Neutrality
;253863;Fotografia;Filtri Fotografici;NiSi Filtro ND8 (3 Stop) 72mm PRO Nano HUC IR, Vetro Ottico, Ultra Sottile, Coating Resistente a Olio e Acqua;109;49;22;5;;14/03/2025;14/03/2025;;;;;;NiSi ND8 3 Stop 72mm PRO Nano HUC IR, Optic Glass, Thin, Oil/Water Coating
;253488;Fotografia;Filtri Fotografici;NiSi Filtro ND8 (3 Stop) 77mm PRO Nano HUC IR, Vetro Ottico, Ultra Sottile, Coating Resistente a Olio e Acqua;109;52;22;0;;24/02/2025;24/02/2025;;;;;;NiSi ND8 3-Stop 77mm PRO Nano HUC IR, Opt. Glass, Thin, Water/Oil Resistant
;253622;Fotografia;Filtri Fotografici;NiSi Filtro ND8 (3 Stop) 82mm PRO Nano HUC IR, Vetro Ottico, Ultra Sottile, Coating Resistente a Olio e Acqua;109;55;22;0;;05/03/2025;05/03/2025;;;;;;NiSi ND8 3-Stop 82mm PRO Nano HUC IR, Optical Glass, Slim, Oil & Water Coat
;253875;Fotografia;Filtri Fotografici;NiSi Filtro per Fuji XA70 X100V X100T X100F X100S X100-49mm Allure Soft Filter Nero;83;44,9;22;5;;14/03/2025;14/03/2025;;;;;;NiSi Fuji Filters: XA70, X100V/T/F/S, 49mm Allure SS Filter Black
;253861;Fotografia;Filtri Fotografici;NiSi Filtro polarizzatore circolare 67mm True Color CPL per sistema VND e Swift True Color;90;99,9;22;0;;14/03/2025;14/03/2025;;;;;;NiSi 67mm CPL Pwr Color for VND & Swift True Color System
;253873;Fotografia;Filtri Fotografici;NiSi Filtro polarizzatore circolare da 67 mm UHC CPL, con rivestimento ultra rigido;83;29,99;22;5;;14/03/2025;14/03/2025;;;;;;NiSi 67mm UHC CPL Polarizzatore, rivestimento ultra rigido
;253874;Fotografia;Filtri Fotografici;NiSi Filtro polarizzatore circolare da 72mm UHC CPL, con rivestimento ultra rigido;82;32,99;22;5;;14/03/2025;14/03/2025;;;;;;NiSi 72mm UHC CPL Orbitron Polarizer, super durable coating
;253867;Fotografia;Filtri Fotografici;NiSi Filtro Polarizzatore Circolare Multi Coated HUC CPL PRO Slim Nano Coating (62mm);85;67;22;5;;14/03/2025;14/03/2025;;;;;;NiSi CPL Mono Coated Circular Filter 62mm Slim Nano Coating
;253652;Fotografia;Filtri Fotografici;NiSi Filtro Polarizzatore Circolare Multi Coated HUC CPL PRO SLIM Nano Coating (67mm);85;70;22;5;;05/03/2025;05/03/2025;;;;;;NiSi CPL Filter, Circular, Multi-Coated, Slim, Nano Coated, 67mm
;253847;Fotografia;Filtri Fotografici;NiSi Filtro Polarizzatore Circolare Multi Coated HUC CPL PRO Slim Nano Coating (72mm);85;76;22;5;;14/03/2025;14/03/2025;;;;;;NiSi Slim CPL 72mm, Multi Coated, Nano Coating, Circular Polarizer
;253634;Fotografia;Filtri Fotografici;NiSi Filtro Polarizzatore Circolare Multi Coated HUC CPL PRO Slim Nano Coating (77mm);85;79;22;0;;05/03/2025;05/03/2025;;;;;;NiSi CPL Circular Filter 77mm, Multi-Coated, Slim Nano Coating
;253485;Fotografia;Filtri Fotografici;NiSi Filtro Polarizzatore Circolare Multi Coated HUC CPL PRO Slim Nano Coating (82mm);85;86;22;0;;24/02/2025;24/02/2025;;;;;;NiSi CPL Circolare Multi-Coated HUC Slim Nano 82mm
;253606;Fotografia;Filtri Fotografici;NiSi Filtro polarizzatore circolare True Color CPL per 82mm True Color VND e Swift System | sistema di filtri circolari Swift | ;128;129,9;22;5;;04/03/2025;04/03/2025;;;;;;NiSi CPL 82mm, True Color VND & Swift Filter System | Circular Filters
;253857;Fotografia;Filtri Fotografici;NiSi Filtro polarizzatore circolare True Color CPL per sistema VND e Swift True Color da 95 mm;94;169,9;22;5;;14/03/2025;14/03/2025;;;;;;NiSi True Color CPL, circolare, per VND e Swift, 95mm
;253627;Fotografia;Filtri Fotografici;NiSi Filtro polarizzatore circolare True Color CPL per VND e Swift da 77 mm | sistema di filtraggio circolare Swift | Fotografia;128;119,9;22;5;;05/03/2025;05/03/2025;;;;;;NiSi CPL True Color 77mm per VND & Swift, filtro polarizzatore circolare baik
;253644;Fotografia;Filtri Fotografici;NiSi Filtro PRO Nano 82mm IR Filtro ND64 6 Stop + Polarizzatore CPL Integrato in Un Unico Filtro;96;115;22;0;;05/03/2025;05/03/2025;;;;;;NiSi PRO Nano 82mm IR ND64 6 stops + CPL filter integrated
;253755;Fotografia;Filtri Fotografici;NiSi Filtro Pro Nano IR ND64 6 Stop + Polarizzatore CPL integrato in un unico filtro (72 mm);92;95;22;0;;10/03/2025;10/03/2025;;;;;;NiSi IR ND64 6 Stop + CPL Filter 72mm, Pro Nano tech, all-in-one.
;253641;Fotografia;Filtri Fotografici;NiSi Filtro Pro Nano IR ND64 6 Stop + Polarizzatore CPL integrato in un unico filtro (77 mm);92;103;22;0;;05/03/2025;05/03/2025;;;;;;NiSi IR ND64 + CPL Filter 77mm, 6 stops, Nano Pro Nano tech.
;253690;Fotografia;Filtri Fotografici;NiSi Filtro Protettivo 52mm UV HUC (Ultra Hard Coating) con 18 rivestimenti multistrato UHD, rivestimento ultra duro, Nano Coati;128;22,99;22;0;;06/03/2025;06/03/2025;;;;;;NiSi 52mm UV Filter, Ultra Hard Coating, 18-layer Nano Multi-Coated
;253629;Fotografia;Filtri Fotografici;NiSI Filtro Protettivo UHC UV (Ultra Hard Coating) con 18 rivestimenti multistrato UHD, rivestimento ultra duro, Nano Coating®, ;129;24,99;22;0;;05/03/2025;05/03/2025;;;;;;NiSI UHC UV Filter with 18 multilayer UHD & Nano Coating®
;253697;Fotografia;Filtri Fotografici;NiSi Filtro Swift Black Mist 1/8 82mm., Swift System, a pressione montati a attrito, vetro ottico, rivestimento nano impermeabil;128;109;22;0;;06/03/2025;06/03/2025;;;;;;NiSi Swift Black Mist 1/8 82mm, press system, opt glass, nano water-repellent coating.
;253751;Fotografia;Filtri Fotografici;NiSi Filtro UV Armor FX 62 mm – Filtro di protezione UV a prova di esplosione, filtro obiettivo con rivestimento nano doppio str;130;65;22;0;;10/03/2025;10/03/2025;;;;;;NiSi UV Armor FX 62mm – UV protective filter with nano double coating
;253859;Fotografia;Filtri Fotografici;NiSi Filtro UV Armor FX Pro Nano Coating L395 Protezione antideflagrante per obiettivo 67mm;91;69;22;0;;14/03/2025;14/03/2025;;;;;;NiSi UV Armor FX Pro Nano Coating 67mm Lens Protector, Anti-Shock
;253483;Fotografia;Filtri Fotografici;NiSi Filtro UV HUC (62mm) (Ultra Hard Coating) con 18 rivestimenti multistrato UHD, rivestimento ultra duro, Nano Coating®, ultr;129;25,99;22;5;;24/02/2025;24/02/2025;;;;;;NiSi UV HUC 62mm, 18-layer UHD, Ultra Hard Coating, Nano Coating®
;253464;Fotografia;Filtri Fotografici;NiSi Filtro UV HUC (rivestimento ultra duro), 18 rivestimenti multistrato UHD, rivestimento nano ultra duro, idrofobo, resistent;128;28,99;22;5;;24/02/2025;24/02/2025;;;;;;NiSi UV HUC Filter: tough, waterproof, 18-layer UHD nano coating.
;253855;Fotografia;Filtri Fotografici;NiSi Filtro UV IR Cut 82mm per Sistema Swift | senza filettatura, a pressione con Anello Swift o sopra VND True Color 1-5 Stop;126;109;22;5;;14/03/2025;14/03/2025;;;;;;NiSi UV IR Cut 82mm for Swift Set, no thread, press-on w/ Swift ring or VND 1-5s
;253469;Fotografia;Filtri Fotografici;NiSi HUC PRO Nano IR ND1000 filtro circolare da 77 mm | Filtro obiettivo fotocamera a densità neutra 10-stop | Vetro ottico, riv;129;52;22;5;;24/02/2025;24/02/2025;;;;;;NiSi HUC PRO Nano IR ND1000 77mm | 10-stop ND filter for cams | Opt. glass
;253470;Fotografia;Filtri Fotografici;NiSi HUC PRO Nano IR ND1000 filtro circolare da 82 mm | Filtro obiettivo fotocamera a densità neutra 10-stop | Vetro ottico, riv;129;55;22;5;;24/02/2025;24/02/2025;;;;;;NiSi HUC PRO Nano IR ND 1000 82mm Filter, 10-stop ND, optical glass
;253492;Fotografia;Filtri Fotografici;NiSi JetMag - Kit di filtri magnetici Pro da 82 mm con bloccaggio, kit filtro ND orizzontale (FS ND8, FS ND64, FS ND1000, True C;128;429,9;22;5;;24/02/2025;24/02/2025;;;;;;NiSi JetMag Pro Kit 82mm Mag Filters with Lock—ND1/8/64/1000, True C
;253495;Fotografia;Filtri Fotografici;NiSi JetMag Pro 82MAG - Tappo posteriore magnetico resistente per filtri da 82 MAG, attacco rapido e chiusura sicura, design sot;128;34,9;22;5;;24/02/2025;24/02/2025;;;;;;NiSi JetMag 82MAG - Tappo mag. forte, veloce e sicuro per filtri 82MAG
;253503;Fotografia;Filtri Fotografici;NiSi JetMag Pro 82MAG FS ND1000 - Filtro magnetico a densità neutra a spettro completo 10 stop (3.0) - Vetro ottico nano rivesti;129;79,9;22;5;;25/02/2025;25/02/2025;;;;;;NiSi JetMag Pro 82MAG FS ND1000 - 10-stop nano-coated optical filter
;253501;Fotografia;Filtri Fotografici;NiSi JetMag Pro 82MAG Natural Night - Filtro magnetico per la riduzione dell''inquinamento luminoso per fotografia notturna e as;128;89,9;22;5;;25/02/2025;25/02/2025;;;;;;NiSi JetMag 82MAG Night - Magnet filter for light pollution, night shoot.
;253502;Fotografia;Filtri Fotografici;NiSi JetMag Pro Kit filtro magnetico da 82 mm con blocco - Capture Kit (filtro UV NC, True Color CPL, anello adattatore magnetic;128;294,9;22;5;;25/02/2025;25/02/2025;;;;;;NiSi JetMag Pro 82mm Kit: Magnetic UV NC, True Color CPL & Adapter Ring
;253752;Fotografia;Filtri Fotografici;NiSi Kit FIltri 67mm Circular Filter Long Exposure Kit, Including ND8(3 stops), ND64(6 stops)+CPL, ND1000(10 stops), ND32000(15 ;128;155;22;5;;10/03/2025;10/03/2025;;;;;;NiSi 67mm CPL/ND Kit: ND8(3), ND64(6), ND1000(10), ND32000(15) stops
;253636;Fotografia;Filtri Fotografici;NiSi Kit Filtri ND Circolari - 67mm - Include ND8 (3 stops), ND64 + CPL (6 Stop+CPL Filtro 2in1), ND1000 (10 stops) e Custodia;126;119;22;5;;05/03/2025;05/03/2025;;;;;;NiSi 67mm CPL+ND Kit: ND8(3 stops), ND64(6 stops), ND1000(10 stops) & case
;253617;Fotografia;Filtri Fotografici;NiSi Kit Filtri ND Circolari 77mm, con ND8 (3 Stop), ND64+CPL (6 Stop), ND1000 (10 Stop), Accessori e Custodia;110;139;22;0;;05/03/2025;05/03/2025;;;;;;NiSi 77mm Circular ND Kit: ND8, ND64+CPL, ND1000 + Accessories & Case
;253619;Fotografia;Filtri Fotografici;NiSi Kit Filtri Swift System 1-9 VND da 77 mm | Filtro a densità neutra variabile True Color da 1 a 5 stop con ND16 montato ad a;129;269,9;22;0;;05/03/2025;05/03/2025;;;;;;NiSi Swift VND Kit 77mm, ND16, 1–5 stops, True Color, Variab. ND Filter
;253637;Fotografia;Filtri Fotografici;NiSi Kit Filtri Swift True Color VND 67mm 1-5 & 5-9 Stop (1-9 Stop totali) | Filtro ND-Vario 1-5 Stops + ND 4 Stop per effetto 5;128;234,9;22;0;;05/03/2025;05/03/2025;;;;;;NiSi Swift True Color VND 67mm 1-9 Stops + ND 4 for 5x effect
;253628;Fotografia;Filtri Fotografici;NiSi Kit Filtri Swift VND Mist Kit da 77 mm – True Colour 1 – 5 apertura variabile ND filtro + filtro ND16 (4 aperture) a densit;132;364,9;22;5;;05/03/2025;05/03/2025;;;;;;NiSi Swift VND Mist Kit 77mm – TrueCol 1-5 stop var. ND + ND16 (4 stops)
;253877;Fotografia;Filtri Fotografici;NiSi Kit Filtri True Color VND 95mm 1-5 & 5-9 Stop (1-9 Stop totali) Kit Swift | Filtro ND-Vario 1-5 Stops + ND 4 Stop per effet;128;349,9;22;0;;14/03/2025;14/03/2025;;;;;;NiSi True Color VND 95mm Kit 1-5 & 5-9 Stop, Swift ND-Vario, ND 4 Stop
;253630;Fotografia;Filtri Fotografici;NiSI Kit Filtro circolare da 77 mm per lunga esposizione, inclusi ND8 (3 stop), ND64 (6 stop) + CPL, ND1000 (10 stop), ND32000 (;128;175;22;5;;05/03/2025;05/03/2025;;;;;;NiSI 77mm Circular Filter Kit: ND8/64/1000/32000 + CPL for long expos.
;253689;Fotografia;Filtri Fotografici;NiSi Kit filtro fotocamera per cellulare / obiettivo fotocamera per iOS iPhone Smartphone – Filmmaker kit filtri;114;149;22;0;;06/03/2025;06/03/2025;;;;;;NiSi Camera Filter Kit for iPhone/GO (Filmmaker) Filters
;253862;Fotografia;Filtri Fotografici;NiSi Kit filtro per Fuji FUJIFILM X70 / X100 / X100S / X100F / X100T / X100V – Starter Kit (1 filtro graduato medio + 1 filtro p;130;49,9;22;5;;14/03/2025;14/03/2025;;;;;;NiSi Kit for Fuji X70/X100F – Starter w/ 1 grad. & 1 ND filter
;253607;Fotografia;Filtri Fotografici;NiSi Kit Filtro Swift VND da 82 mm – True Color 1 – 5 pannelli filtro ND variabile + ND16 (4 diaframmi) neutro;114;289,9;22;0;;04/03/2025;04/03/2025;;;;;;NiSi Kit Filtro Swift VND 82mm – True Color 1, 5 pz, ND variabile + ND16 (f/4)
;253615;Fotografia;Filtri Fotografici;NiSi Landscape Filter Kit IP-A + P2 iPhone,  Kit filtri per fotocamera iOS iPhone Smartphone;92;69,9;22;5;;05/03/2025;05/03/2025;;;;;;NiSi Landscape Filter Kit IP-A + P2 for iPhone & Smartphone Cameras
;253631;Fotografia;Filtri Fotografici;NiSi Long Exposure Kit di Filtri ND Circolari 82mm, Filtro ND8 (3 Stop), ND64+CPL (6 Stop e polarizzatore incluso), ND1000 (10 S;128;185;22;5;;05/03/2025;05/03/2025;;;;;;NiSi 82mm Long Expo Kit: ND8 (3 Stop), ND64+CPL (6 Stop+Polar), ND1000 (10 Stop)
;253523;Fotografia;Filtri Fotografici;NiSi ND Filtri Kit Lunga Esposizione - Incluso ND8 (0.9), ND64 (1.8), ND1000 (3.0) Filtro con Accessori Gratuiti 1x NiSi Sacchet;128;349;22;0;;26/02/2025;26/02/2025;;;;;;NiSi ND Filter Kit: ND8, ND64, ND1000 + Free Access, Long Expo.
;253516;Fotografia;Filtri Fotografici;NiSi ND Filtro a Densità Neutra ND1000 (3.0) 10 Stop, 100X100mm, Nano Coating, Rivestimento IR, Vetro Ottico;109;109;22;5;;26/02/2025;26/02/2025;;;;;;NiSi ND1000 (3.0) 10 Stop, 100x100mm, Nano Coating, IR Coating, Optical Glass
;253536;Fotografia;Filtri Fotografici;NiSi Night Kit V7 di Filtri 100mm, Kit di 2 filtri (NiSi Star Soft 100x150, NiSi Natural Night 100x100) con Holder NiSi V7 con T;128;409;22;5;;26/02/2025;26/02/2025;;;;;;NiSi Night Kit V7 100mm: 2 filters (Star Soft 150x100, Nat Night 100x100) + T-hldr.
;253558;Fotografia;Filtri Fotografici;NiSi P1/P2 GND8 - Filtro graduato Soft grigio Soft GND For Compact System (0.3) 3 Stop;86;19,99;22;0;;26/02/2025;26/02/2025;;;;;;NiSi P1/P2 GND8 Soft Grd Filter for Compact System (0.3) 3 Stops
;253651;Fotografia;Filtri Fotografici;NiSi Pro Nano IR Filtro ND64 6 Stop + Polarizzatore CPL integrato in un unico filtro (67 mm);92;88;22;5;;05/03/2025;05/03/2025;;;;;;NiSi Nano IR ND64 + CPL, 67mm, 6-stop, built-in polarizer.
;253570;Fotografia;Filtri Fotografici;NiSi Professional Kit+ (Plus) per Drone Mavic 2 Pro (8 Filtri), ND4/PL, ND8/PL, ND16/PL, ND32/PL, ND64/PL, Polarizzatore Landsca;128;189;22;5;;28/02/2025;28/02/2025;;;;;;NiSi Pro Kit+ for Mavic 2 Pro: 8 filters (ND4/PL, ND8/PL, ND16/PL, ND32/PL, ND64/PL), CPL
;253849;Fotografia;Filtri Fotografici;NiSi Set Filtri Circolari 82mm Circular Filter Professional Kit, Including HUC UV Filter, Ti Enhance CPL, Natural Night Filter, ;128;259;22;0;;14/03/2025;14/03/2025;;;;;;NiSi 82mm Circular Filter Set: UV, CPL, Night Filters, Pro Kit
;253878;Fotografia;Filtri Fotografici;NiSI Set Filtri, Kit di avvio filtro circolare da 82 mm, incluso filtro UV HUC, HUC CPL e custodia per filtro;109;115;22;5;;14/03/2025;14/03/2025;;;;;;NiSI 82mm Filter Kit: UV HUC, HUC CPL & filter case included.
;253605;Fotografia;Filtri Fotografici;NiSi Star Soft Filtro 100 x 150 mm. filtri effetto per la fotografia notturna e astrofotografia;95;129;22;0;;04/03/2025;04/03/2025;;;;;;NiSi Star Soft 100x150mm. filter for night & astro photography effects
;253850;Fotografia;Filtri Fotografici;NiSi Swift Add-on Kit 77mm per True Color VND 1-5 Stop | Filtro ND16 (4 Stop) + Filtro Black Mist 1/4;101;204,9;22;5;;14/03/2025;14/03/2025;;;;;;NiSi Swift 77mm Kit: True Color VND 1-5 Stops + ND16 + Black Mist 1/4
;253851;Fotografia;Filtri Fotografici;NiSi True Color VND 72mm 1-5 & 5-9 Stop (1-9 Stop totali) Kit Swift | Sistema Swift con aggancio rapido a pressione;115;249,9;22;0;;14/03/2025;14/03/2025;;;;;;NiSi True Color VND 72mm, 1-9 Stop, Swift Mount, Quick Lock System
;253852;Fotografia;Filtri Fotografici;NiSi UHC CPL Filtro polarizzatore circolare, 82 mm, con rivestimento ultra rigido, polarizzatore;96;36,99;22;0;;14/03/2025;14/03/2025;;;;;;NiSi UHC CPL 82mm polarizer, tough coating, circular filter
;253505;Fotografia;Lenti di conversione;NiSi Lente Close-Up NC Macro II 77mm (Kit con adattatori 72, 67mm, Custodia e Lens Cap);87;139;22;5;;25/02/2025;25/02/2025;;;;;;NiSi Macro NC 77mm Kit (Ads, 72/67mm, Case, Cap)
;253510;Fotografia;Macro Fotografia;NiSi Guida per messa a fuoco macro NM200s – Rotabile a 360° Stabilizzatore Macro Slide/Macro Regolazione Scorrimento / Guida di ;131;199;22;5;;25/02/2025;25/02/2025;;;;;;NiSi Macro Focus Guide NM200s – 360° Rot., Stabilizz., Slide, Regol.
;253512;Fotografia;Macro Fotografia;NiSi Kit obiettivo close-up NC da 49 mm, filtro macro per primo piano, filettatura 49 mm, 9 diottrie, rivestimento nano, custodi;128;89;22;0;;25/02/2025;25/02/2025;;;;;;NiSi NC Macro Kit 49mm, filter, 9D, nano-coating, case, prime close-up
;253507;Fotografia;Macro Fotografia;NiSi NM-180 Messa a punto Macro Rail Slitta Scorrevole 160 mm Operative, guida scorrevole per messa a fuoco;107;129;22;5;;25/02/2025;25/02/2025;;;;;;NiSi NM-180 Macro Rail, 160mm slide guide for autofocus.
;255820;Gadget;Oggettistica;Harry Potter Cookie Jar Honeydukes Biscottiera Barattolo per biscotti in ceramica;81;33,77;22;5;;29/05/2025;29/05/2025;;;;;;Harry Potter Cookie Jar from Honeydukes, ceramic biscuit container
;256295;Gadget;Statue & Busti;One Piece POP Portrait Of Pirates WA-MAXIMUM Kaido the Beast(Super limited reprint) Statue;90;689;22;5;;10/06/2025;10/06/2025;;;;;;OP POP Portr. Of Pirates WA-MAX Kaido Beast Super Ltd Reprint Statue
;255595;Gadget;Figure PVC/Resina;Boruto: Naruto Next Generations Baryon Mode GLOW (exclusive) POP Animation #1361 Vinyl Figure;93;44,6;22;5;;06/05/2025;06/05/2025;;;;;;Boruto: Naruto Next Gen Baryon Mode GLOW POP #1361 Vinyl Fig (excl)
;255651;Gadget;Figure PVC/Resina;Captain America: Brave New World Sipersized Red Hulk POP Marvel #1366 Vinyl Figure;82;24,6;22;5;;06/05/2025;06/05/2025;;;;;;Captain America: Brave New World Red Hulk POP Marvel #1366 Vinyl Figur
;255653;Gadget;Figure PVC/Resina;Dragon Ball Super: Broly Super Saiyan God Vegeta POP Animation #1862 Vinyl Figure;81;15,4;22;5;;06/05/2025;06/05/2025;;;;;;DBS Broly & SSJG Veg POP Vinyl #1862 - Collectible Figure
;255507;Gadget;Figure PVC/Resina;Il Signore Degli Anelli Lord of the Rings Arwen (Coronation) POP Movies #1745 Vinyl Figure;90;16,99;22;5;;05/05/2025;05/05/2025;;;;;;Arwen Lord of the Rings Coronation POP Vinyl #1745 Movie Figure
;255650;Gadget;Figure PVC/Resina;Lord Of The Rings Gandalf With Doors Of Durin Deluxe POP Movies #1746 Vinyl Figure;82;38,5;22;5;;06/05/2025;06/05/2025;;;;;;Gandalf with Durin's Doors Deluxe POP #1746 Vinyl Figure
;255630;Gadget;Figure PVC/Resina;Michael Jordan Bulls White Warmup (exclusive) NBA POP Basketball #84 Vinyl Figure;81;16,99;22;5;;06/05/2025;06/05/2025;;;;;;Michael Jordan Bulls Warmup NBA POP Vinyl #84 (exclusive) Figure
;255343;Gadget;Figure PVC/Resina;Mobile Suit Gundam MS-06S Char's Zaku II Supersized POP Animation #1717 Vinyl Figure;84;22,89;22;5;;05/05/2025;05/05/2025;;;;;;Char's Zaku II Sze POP Vinyl #1717, Gundam, Figure, Anime Collectible
;255588;Gadget;Figure PVC/Resina;Stranger Things S4 Eddie w/ Guitar (exclusive) Blacklight POP Television #1250 Vinyl Figure;91;16,9;22;5;;06/05/2025;06/05/2025;;;;;;Eddie S4 w/ Guitar, Blacklight POP TV #1250 Vinyl Figure (exclusive)
;255488;Gadget;Figure PVC/Resina;Teenage Mutant Ninja Turtles TMNT Michelangelo (Easter) POP Television #1668 Vinyl Figure;89;16,99;22;5;;05/05/2025;05/05/2025;;;;;;TMNT Michelangelo Easter POP Vinyl Figure #1668, Collectible Toy
;255536;Gadget;Figure PVC/Resina;Teenage Mutant Ninja Turtles TMNT The Last Ronin Leonardo POP Comics #43 Vinyl Figure;85;16,56;22;5;;05/05/2025;05/05/2025;;;;;;TMNT The Last Ronin Leo POP Comics #43 Vinyl Fig, Teen Mutant Ninja Turtles
;255537;Gadget;Figure PVC/Resina;Teenage Mutant Ninja Turtles TMNT The Last Ronin Raffaello POP Comics #44 Vinyl Figure;86;16,56;22;5;;05/05/2025;05/05/2025;;;;;;TMNT The Last Ronin Raffaello POP Vinyl Fig #44, Teenage Mutant Ninja Turtles
;255487;Gadget;Figure PVC/Resina;Teenage Mutant Ninja Turtles TMNT Turtles Leonardo (Easter) POP Television #1667 Vinyl Figure;93;16,99;22;5;;05/05/2025;05/05/2025;;;;;;TMNT Turtles Leo (Easter) POP Vinyl #1667 Figure
;255535;Gadget;Figure PVC/Resina;Teenage Mutant Ninja Turtles TMNT Turtles The Last Ronin Donatello POP Comics #42 Vinyl Figure;94;18,29;22;5;;05/05/2025;05/05/2025;;;;;;TMNT TMNT Turtles Last Ronin Donatello POP Comics #42 Vinyl Fig
;256371;Gadget;Model Kit;Yu-Gi-Oh! Duel Monsters Summoning God Exodia Color Coded Figure Rise Standard Amplified Model Kit;97;62,5;22;0;;12/06/2025;12/06/2025;;;;;;Exodia Duel Monsters Figure Kit, Color Coded, Standard/Amplified Model
;255706;Bellezza e Benessere;Accessori Capelli;Accessori Capelli Elastico Per Capelli In Tela 3 Pi?ces Gabby?s Dollhouse ROSA | FEMMINA;88;5,65;22;5;;16/05/2025;16/05/2025;;;;;;Elastic Hair Accessory, 3 pcs, Fabric, Gabby’s Dollhouse, PINK, FEMALE
