Sel;ID;Cat;Subcat;Nome;Len;Prezzo;Iva;"Dispo gg.";"In Ordine";Insert;Uscita;Promo_Cod;Promo_Desc;Promo_Scad;Link
;253678;;Abbigliamento;"ABYSTYLE One Piece Calzini Skull One Size (38-43) nero, 70% cotone, 27% poliestere, 3% elastan.";95;10,96;22;5;;2025-03-06;2025-03-06;;;;;
;253647;Fotografia;"Accessori Fotografici";"NiSi Wizard W-63 Compatibile con Sony | Staffa di rotazione orizzontale/verticale, Arca-Swiss compatibile, rotazione a 0°, 90° e";130;84,99;22;5;;2025-03-05;2025-03-05;;;;;
;253625;Fotografia;"Accessori Fotografici";"NiSi Wizard W-72 Compatibile con Fujifilm, Nikon Z, Panasonic S5, Leica SL/SL2 | Staffa di rotazione orizzontale/verticale, Arca";128;84,99;22;5;;2025-03-05;2025-03-05;;;;;
;253626;Fotografia;"Accessori Fotografici";"NiSi Wizard W-82D Compatibile con fotocamere DSLR | Staffa di rotazione orizzontale/verticale, Arca-Swiss compatibile, rotazione";128;84,99;22;5;;2025-03-05;2025-03-05;;;;;
;253621;Fotografia;"Accessori Fotografici";"NiSi Wizard W-82M Compatibile con fotocamere Canon serie R | Staffa di rotazione orizzontale/verticale, Arca-Swiss compatibile, ";128;84,99;22;5;;2025-03-05;2025-03-05;;;;;
;253545;Fotografia;"Adattatori e portafiltri";"NiSi Anello adattatore S6 per filettature di filtri standard (adattatori da 105 mm, 95 mm, 82 mm inclusi) | Adattatore per obiet";128;149,00;22;5;;2025-02-26;2025-02-26;;;;;
;253498;Fotografia;"Adattatori e portafiltri";"NiSi JetMag Pro 62mm-82MAG Adattatore obiettivo filettatura 62 mm per collegare filtri magnetici 82MAG";102;19,90;22;5;;2025-02-24;2025-02-24;;;;;
;253499;Fotografia;"Adattatori e portafiltri";"NiSi JetMag Pro 67mm-82MAG Adattatore obiettivo filettatura 67 mm per collegare filtri magnetici 82MAG";102;19,90;22;5;;2025-02-24;2025-02-24;;;;;
;253494;Fotografia;"Adattatori e portafiltri";"NiSi JetMag Pro 82mm-82MAG Anello Adattatore obiettivo filettatura 82 mm per collegare filtri magnetici 82MAG";109;19,90;22;0;;2025-02-24;2025-02-24;;;;;
;253573;Fotografia;"Adattatori e portafiltri";"NiSi Kit Advanced 150 di Filtri da 150mm (no Holder, include 4 filtri di larghezza 150mm)";89;629,00;22;5;;2025-02-28;2025-02-28;;;;;
;253508;Fotografia;"Adattatori e portafiltri";"NiSi Kit portafiltro V7 da 100 mm con True Color CPL, con anello adattatore da 67-82 mm, 72-82 mm e 77-82 mm";108;249,00;22;5;;2025-02-25;2025-02-25;;;;;
;253879;Fotografia;"Adattatori e portafiltri";"NiSi Kit Starter 150 di Filtri da 150mm (no Holder, include 3 filtri di larghezza 150mm)";88;479,00;22;0;;2025-03-14;2025-03-14;;;;;
;253544;Fotografia;"Adattatori e portafiltri";"NiSi Portafiltro da 100 mm - Switch (compatibile con l'adattatore principale da 82 mm di V6 / V5-Pro ??/ V5)";108;90,00;22;5;;2025-02-26;2025-02-26;;;;;
;253569;Fotografia;"Adattatori e portafiltri";"NiSi Portafiltro da 100mm per Olympus 7-14 mm f/2.8 PRO | Contiene 2 filtri da 100x100 mm e 100x150 mm (ND, GND, ecc.), rotazion";128;89,00;22;0;;2025-02-27;2025-02-27;;;;;
;253528;Fotografia;"Adattatori e portafiltri";"NiSi Professional Kit V7 e Filtri a lastra 100mm, Kit 7 filtri (GND Soft/Medium/Reverse 3 Stop, ND8 3 Stop, ND64 6 Stop, ND1000 ";128;929,00;22;5;;2025-02-26;2025-02-26;;;;;
;253580;Fotografia;"Adattatori e portafiltri";"NiSi S6 Supporto per Filtro per Sony FE 12-24 mm F4 G (True Color CPL) – 150 mm  Filter Holder System";103;419,00;22;5;;2025-02-28;2025-02-28;;;;;
;253608;Fotografia;"Adattatori e portafiltri";"NiSi Starter Kit V7 di Filtri 100mm, Kit di 2 filtri (GND 100x150 Medium 3 Stop, ND 100x100 ND1000 10 Stop) con Holder NiSi V7 c";128;399,00;22;5;;2025-03-05;2025-03-05;;;;;
;253466;Fotografia;"Filtri Fotografici";"Filtro UV HUC (Ultra Hard Coating) con 18 rivestimenti multistrato UHD, rivestimento ultra duro, Nano Coating®, ultra-sottile re";129;26,99;22;5;;2025-02-24;2025-02-24;;;;;
;253471;Fotografia;"Filtri Fotografici";"Filtro UV HUC (Ultra Hard Coating) con 18 rivestimenti multistrato UHD, rivestimento ultra duro, Nano Coating®, ultra-sottile re";129;29,99;22;5;;2025-02-24;2025-02-24;;;;;
;253475;Fotografia;"Filtri Fotografici";"Filtro UV HUC (Ultra Hard Coating) con 18 rivestimenti multistrato UHD, rivestimento ultra duro, Nano Coating®, ultra-sottile re";129;27,99;22;5;;2025-02-24;2025-02-24;;;;;
;253550;Fotografia;"Filtri Fotografici";"NiSi - Filtro circolare naturale notturno 112 mm per Nikon Z 14-24 mm f/2.8S (filtro di inquinamento della luce)";112;199,00;22;5;;2025-02-26;2025-02-26;;;;;
;253493;Fotografia;"Filtri Fotografici";"NiSi - JetMag Pro 82MAG Lens Front Cap - Lente magnetica durevole e protezione filtro per filtri di dimensioni 82MAG - Attacco r";128;34,90;22;5;;2025-02-24;2025-02-24;;;;;
;253496;Fotografia;"Filtri Fotografici";"NiSi - JetMag Pro 82MAG True Color CPL, filtro magnetico circolare polarizzatore lente - Vetro ottico nano rivestito, telaio in ";128;99,90;22;5;;2025-02-24;2025-02-24;;;;;
;253756;Fotografia;"Filtri Fotografici";"NiSi 67mm Circular Starter Filter Kit, Including HUC UV Filter, HUC CPL and Filter Pouch";88;95,00;22;5;;2025-03-10;2025-03-10;;;;;
;253860;Fotografia;"Filtri Fotografici";"NiSi 77mm Circular Filter Professional Kit, Including HUC UV Filter, Ti Enhance CPL, Natural Night Filter, ND1000(10 stops) and ";128;249,00;22;5;;2025-03-14;2025-03-14;;;;;
;253618;Fotografia;"Filtri Fotografici";"NiSi 82mm Kit Filtri Circolari ND Filter Kit, Including ND8(3 stops), ND64(6 stops)+CPL, ND1000(10 stops) and Filter Pouch";122;149,00;22;5;;2025-03-05;2025-03-05;;;;;
;253530;Fotografia;"Filtri Fotografici";"NiSi C5 Matte Box Cinema Kit – C5 Mattebox, Filtro vassoio True Color 1 – 5 filtri VND True Color Rotating PL, 4 filtri 5.65 FS ";132;699,00;22;5;;2025-02-26;2025-02-26;;;;;
;253537;Fotografia;"Filtri Fotografici";"NiSi C5 Matte Box Filmmaker Kit – C5 Mattebox, Filtro vassoio True Color 1 – 5 filtri VND 4 filtri 5.65 FS ND16, 4 filtri Black ";132;569,00;22;0;;2025-02-26;2025-02-26;;;;;
;253553;Fotografia;"Filtri Fotografici";"NiSi C5 Matte Box Starter Kit – C5 Matte Box, vassoio filtro e anello adattatore, compatibile con obiettivo fotocamera da 67 mm/";130;199,00;22;5;;2025-02-26;2025-02-26;;;;;
;253548;Fotografia;"Filtri Fotografici";"NiSi Cinema 4x5.65 ND 1.5 | Filtro per lenti a densità neutra 5-stop per scatole opache 4x5.65 | Fotografia e videografia";122;245,00;22;5;;2025-02-26;2025-02-26;;;;;
;253549;Fotografia;"Filtri Fotografici";"NiSi Cinema 4x5.65 True Color Polarizzatore Lineare | Filtro Lente Polarizzatore per Scatole Opache 4x5.65 | Fotografia e Videog";128;245,00;22;0;;2025-02-26;2025-02-26;;;;;
;253560;Fotografia;"Filtri Fotografici";"NiSi Cinema Allure Streak - Filtro circolare circolare rotante per effetto speciale, 82 mm, colore: Blu";103;119,00;22;5;;2025-02-26;2025-02-26;;;;;
;253468;Fotografia;"Filtri Fotografici";"NiSi Contenitore porta filtri per filtro circolare, nero, 8 Filter Pockets Up to 95mm (Version II), Organizer tascabile";119;29,00;22;5;;2025-02-24;2025-02-24;;;;;
;253542;Fotografia;"Filtri Fotografici";"NiSi Extreme Kit con 4 Filtri ND e Accessori - Kit Filtri ND 100mm con ND8, ND64, ND1000, ND32000, 1x NiSi Custodia per 4 Filtri";128;439,00;22;5;;2025-02-26;2025-02-26;;;;;
;253858;Fotografia;"Filtri Fotografici";"NiSi Filtro 55mm UV HUC (Ultra Hard Coating) con 18 rivestimenti multistrato UHD, ultra duro, Nano Coating";106;23,99;22;5;;2025-03-14;2025-03-14;;;;;
;253635;Fotografia;"Filtri Fotografici";"NiSi Filtro 77mm Armor FX PRO Nano L395 UV, blocco ultravioletto, resistente agli urti, filtro di protezione delle lenti - Vetro";128;82,00;22;0;;2025-03-05;2025-03-05;;;;;
;253703;Fotografia;"Filtri Fotografici";"NiSi Filtro 95 mm 1/8 Densità Circolare Nero Mist | Filtro Lente Effetto Nebbia per Fotografia e Videografia";109;109,00;22;5;;2025-03-10;2025-03-10;;;;;
;253645;Fotografia;"Filtri Fotografici";"NiSi Filtro Armor FX PRO Nano L395 UV 82mm - Resistente agli urti, blocco ultravioletto, protezione dell'obiettivo, vetro ottico";128;89,00;22;0;;2025-03-05;2025-03-05;;;;;
;253698;Fotografia;"Filtri Fotografici";"NiSi Filtro Black Mist 1/4 | 82mm per Sistema Swift | senza filettatura da installare a pressione con Anello Swift o sopra VND T";128;109,00;22;0;;2025-03-08;2025-03-08;;;;;
;253699;Fotografia;"Filtri Fotografici";"NiSi Filtro Black Mist 1/4 | 95mm per Sistema Swift | senza filettatura da installare a pressione con Anello Swift o sopra VND T";128;129,00;22;5;;2025-03-08;2025-03-08;;;;;
;253538;Fotografia;"Filtri Fotografici";"NiSi Filtro Cellulare iPhone fotocamera Filter Kit / Mobile Phone Lens Camera Filter for iOS iPhone Smartphone - Cinema Filter K";128;199,00;22;5;;2025-02-26;2025-02-26;;;;;
;253491;Fotografia;"Filtri Fotografici";"NiSi Filtro Circolare 112mm True Color Pro Nano CPL Filtro per Nikon Z 14-24mm f/2.8S";85;199,00;22;5;;2025-02-24;2025-02-24;;;;;
;253646;Fotografia;"Filtri Fotografici";"NiSi Filtro Circolare 72mm Circular Filter ND Filter Kit, Including ND8(3 stops), ND64(6 stops)+CPL, ND1000(10 stops) e Borsa Po";128;129,00;22;5;;2025-03-05;2025-03-05;;;;;
;253484;Fotografia;"Filtri Fotografici";"NiSi Filtro circolare UV UHC da 49 mm con panno di pulizia – vetro bianco acqua, rivestimento ultra duro con trasmissione della ";130;21,99;22;5;;2025-02-24;2025-02-24;;;;;
;253868;Fotografia;"Filtri Fotografici";"NiSi Filtro di diffusione Black Mist 1/8 da 49 mm - Filtro effetto Promist (apertura 1/8)";89;63,00;22;5;;2025-03-14;2025-03-14;;;;;
;253571;Fotografia;"Filtri Fotografici";"NiSi Filtro GND 1.2 4 Stop 150X170mm Medio (16) Filtro IR graduato multistrato a densità neutra";96;185,00;22;5;;2025-02-28;2025-02-28;;;;;
;253527;Fotografia;"Filtri Fotografici";"NiSi Filtro GND Nano IR 1.5 Soft Edge Filter (5-Stops) 100X150mm Nano Multicoated Graduated IR Neutral Density";110;109,00;22;5;;2025-02-26;2025-02-26;;;;;
;253524;Fotografia;"Filtri Fotografici";"NiSi Filtro GND Nano IR 100X150mm Nano Multicoated Graduated IR Neutral Density 0.9 Reverse Edge Filter (3-Stops)";113;109,00;22;5;;2025-02-26;2025-02-26;;;;;
;253535;Fotografia;"Filtri Fotografici";"NiSi Filtro GND Nano IR 150x170mm 0.9 (3 Stop) Medium GND (Grad ND) Filter - GND8 Multicoated IR in Optical Glass";113;185,00;22;5;;2025-02-26;2025-02-26;;;;;
;253572;Fotografia;"Filtri Fotografici";"NiSi Filtro GND16 1.2 4 Stop REVERSE 150X170mm Nano Multicoated Graduato IR Neutral Density 1.5 Soft Edge Filter";112;185,00;22;0;;2025-02-28;2025-02-28;;;;;
;253598;Fotografia;"Filtri Fotografici";"NiSi Filtro GND4 0.6 Soft (2-Stop) 100X150mm Nano Multicoated Graduated IR Neutral Density 0.6 Soft Edge Filter (2-Stops)";121;109,00;22;5;;2025-03-04;2025-03-04;;;;;
;253554;Fotografia;"Filtri Fotografici";"NiSi Filtro Graduato GND 2 stop (0.6) Medium 100x150mm con Nano Coating, trattamento IR, Vetro Ottico";101;109,00;22;5;;2025-02-26;2025-02-26;;;;;
;253519;Fotografia;"Filtri Fotografici";"NiSi Filtro Graduato GND 3 stop (0.9) Hard 100x150mm con Nano Coating, trattamento IR, Vetro Ottico";99;109,00;22;5;;2025-02-26;2025-02-26;;;;;
;253513;Fotografia;"Filtri Fotografici";"NiSi Filtro Graduato GND 3 stop (0.9) Medium 100x150mm con Nano Coating, trattamento IR, Vetro Ottico";101;109,00;22;5;;2025-02-25;2025-02-25;;;;;
;253514;Fotografia;"Filtri Fotografici";"NiSi Filtro Graduato GND 3 stop (0.9) Medium 100x150mm con Nano Coating, trattamento IR, Vetro Ottico";101;109,00;22;5;;2025-02-26;2025-02-26;;;;;
;253517;Fotografia;"Filtri Fotografici";"NiSi Filtro Graduato GND 3 Stop (0.9) Soft 100x150mm con Nano Coating, Trattamento Anti-IR, Vetro Ottico";104;109,00;22;5;;2025-02-26;2025-02-26;;;;;
;253521;Fotografia;"Filtri Fotografici";"NiSi Filtro Graduato GND 4 stop (1.2) Medium 100x150mm con Nano Coating, trattamento IR, Vetro Ottico";101;109,00;22;5;;2025-02-26;2025-02-26;;;;;
;253596;Fotografia;"Filtri Fotografici";"NiSi Filtro graduato ND (2-Stop) 0,6 75 x 100 mm M75 Nano IR Soft Graduated Neutral Density Filter";98;79,00;22;5;;2025-03-03;2025-03-03;;;;;
;253561;Fotografia;"Filtri Fotografici";"NiSi Filtro IR GND16 150X170mm Nano Multicoated Graduato IR Neutral Density 1.2 Soft Edge Filter (4-Stop)";105;185,00;22;5;;2025-02-26;2025-02-26;;;;;
;253638;Fotografia;"Filtri Fotografici";"NiSi Filtro IR rivestito ND Filter vetro ottico, filtro a densità neutra, 100X100mm IR ND32000(4.5) 15 Stops super stopper";123;109,00;22;5;;2025-03-05;2025-03-05;;;;;
;253552;Fotografia;"Filtri Fotografici";"NiSi Filtro ND Densità Neutra ND1000K (6.0) 20 Stop, 100X100mm, nano coating, rivestimento IR, Black Hole, Vetro Ottico";120;109,00;22;5;;2025-02-26;2025-02-26;;;;;
;253556;Fotografia;"Filtri Fotografici";"NiSi Filtro ND Densità Neutra ND128 (2.1) 7 Stop, 100X100mm, nano coating, rivestimento IR, Little Stopper, Vetro Ottico";121;109,00;22;5;;2025-02-26;2025-02-26;;;;;
;253532;Fotografia;"Filtri Fotografici";"NiSi Filtro ND Densità Neutra ND16 (1.2) 4 Stop, 100X100mm, nano coating, rivestimento IR, Vetro Ottico";104;109,00;22;5;;2025-02-26;2025-02-26;;;;;
;253557;Fotografia;"Filtri Fotografici";"NiSi Filtro ND Densità Neutra ND2000 (3.3) 11 Stop, 100X100mm, nano coating, rivestimento IR, Vetro Ottico";107;109,00;22;5;;2025-02-26;2025-02-26;;;;;
;253526;Fotografia;"Filtri Fotografici";"NiSi Filtro ND Densità Neutra ND256 (2.4) 8 Stop, 100X100mm, nano coating, rivestimento IR, Vetro Ottico";105;109,00;22;5;;2025-02-26;2025-02-26;;;;;
;253555;Fotografia;"Filtri Fotografici";"NiSi Filtro ND Densità Neutra ND32 (1.5) 5 Stop, 100X100mm, nano coating, rivestimento IR, Little Stopper, Vetro Ottico";120;109,00;22;5;;2025-02-26;2025-02-26;;;;;
;253543;Fotografia;"Filtri Fotografici";"NiSi Filtro ND Densità Neutra ND4 (0.6) 2 Stop, 100X100mm, nano coating, rivestimento IR, Vetro Ottico";103;109,00;22;5;;2025-02-26;2025-02-26;;;;;
;253574;Fotografia;"Filtri Fotografici";"NiSi Filtro ND Densità Neutra ND500 (2.7) 9 Stop, 100X100mm, nano coating, rivestimento IR, Vetro Ottico";105;109,00;22;5;;2025-02-28;2025-02-28;;;;;
;253511;Fotografia;"Filtri Fotografici";"NiSi Filtro ND Densità Neutra ND64 (1.8) 6 Stop, 100X100mm, nano coating, rivestimento IR, Little Stopper, Vetro Ottico";120;109,00;22;5;;2025-02-25;2025-02-25;;;;;
;253529;Fotografia;"Filtri Fotografici";"NiSi Filtro ND Densità Neutra ND64 (1.8) 6 Stop, 150X150mm, nano coating, rivestimento IR, Little Stopper, Vetro Ottico";120;185,00;22;0;;2025-02-26;2025-02-26;;;;;
;253518;Fotografia;"Filtri Fotografici";"NiSi Filtro ND Densità Neutra ND8 (0.9) 3 Stop, 100X100mm, nano coating, rivestimento IR, Vetro Ottico";103;109,00;22;0;;2025-02-26;2025-02-26;;;;;
;253531;Fotografia;"Filtri Fotografici";"NiSi Filtro ND Densità Neutra ND8 (0.9) 3 Stop, 150X150mm, nano coating, rivestimento IR, Vetro Ottico";103;185,00;22;0;;2025-02-26;2025-02-26;;;;;
;253856;Fotografia;"Filtri Fotografici";"NiSi Filtro ND True Color Variable da 43 mm, per 1-5 diaframmi (ND2-ND32) VND Vario ND";86;129,00;22;5;;2025-03-14;2025-03-14;;;;;
;253467;Fotografia;"Filtri Fotografici";"NiSi Filtro ND VND VND True Color da 1 a 5 diaframmi ND-Vario variabile, 67 mm (ND2-ND32)";89;149,00;22;0;;2025-02-24;2025-02-24;;;;;
;253624;Fotografia;"Filtri Fotografici";"NiSi Filtro ND VND VND True Color da 55 mm - 1-5 diaframmi ND-Vario variabile (ND2-ND32)";88;149,00;22;5;;2025-03-05;2025-03-05;;;;;
;253845;Fotografia;"Filtri Fotografici";"NiSi Filtro ND32000 (15 Stop) 67mm PRO Nano HUC IR (Vetro Ottico, Altissima Neutralità e Nano® Coating)";105;72,00;22;5;;2025-03-14;2025-03-14;;;;;
;253863;Fotografia;"Filtri Fotografici";"NiSi Filtro ND8 (3 Stop) 72mm PRO Nano HUC IR, Vetro Ottico, Ultra Sottile, Coating Resistente a Olio e Acqua";109;49,00;22;5;;2025-03-14;2025-03-14;;;;;
;253488;Fotografia;"Filtri Fotografici";"NiSi Filtro ND8 (3 Stop) 77mm PRO Nano HUC IR, Vetro Ottico, Ultra Sottile, Coating Resistente a Olio e Acqua";109;52,00;22;0;;2025-02-24;2025-02-24;;;;;
;253622;Fotografia;"Filtri Fotografici";"NiSi Filtro ND8 (3 Stop) 82mm PRO Nano HUC IR, Vetro Ottico, Ultra Sottile, Coating Resistente a Olio e Acqua";109;55,00;22;0;;2025-03-05;2025-03-05;;;;;
;253875;Fotografia;"Filtri Fotografici";"NiSi Filtro per Fuji XA70 X100V X100T X100F X100S X100-49mm Allure Soft Filter Nero";83;44,90;22;5;;2025-03-14;2025-03-14;;;;;
;253861;Fotografia;"Filtri Fotografici";"NiSi Filtro polarizzatore circolare 67mm True Color CPL per sistema VND e Swift True Color";90;99,90;22;0;;2025-03-14;2025-03-14;;;;;
;253873;Fotografia;"Filtri Fotografici";"NiSi Filtro polarizzatore circolare da 67 mm UHC CPL, con rivestimento ultra rigido";83;29,99;22;5;;2025-03-14;2025-03-14;;;;;
;253874;Fotografia;"Filtri Fotografici";"NiSi Filtro polarizzatore circolare da 72mm UHC CPL, con rivestimento ultra rigido";82;32,99;22;5;;2025-03-14;2025-03-14;;;;;
;253867;Fotografia;"Filtri Fotografici";"NiSi Filtro Polarizzatore Circolare Multi Coated HUC CPL PRO Slim Nano Coating (62mm)";85;67,00;22;5;;2025-03-14;2025-03-14;;;;;
;253652;Fotografia;"Filtri Fotografici";"NiSi Filtro Polarizzatore Circolare Multi Coated HUC CPL PRO SLIM Nano Coating (67mm)";85;70,00;22;5;;2025-03-05;2025-03-05;;;;;
;253847;Fotografia;"Filtri Fotografici";"NiSi Filtro Polarizzatore Circolare Multi Coated HUC CPL PRO Slim Nano Coating (72mm)";85;76,00;22;5;;2025-03-14;2025-03-14;;;;;
;253634;Fotografia;"Filtri Fotografici";"NiSi Filtro Polarizzatore Circolare Multi Coated HUC CPL PRO Slim Nano Coating (77mm)";85;79,00;22;0;;2025-03-05;2025-03-05;;;;;
;253485;Fotografia;"Filtri Fotografici";"NiSi Filtro Polarizzatore Circolare Multi Coated HUC CPL PRO Slim Nano Coating (82mm)";85;86,00;22;0;;2025-02-24;2025-02-24;;;;;
;253606;Fotografia;"Filtri Fotografici";"NiSi Filtro polarizzatore circolare True Color CPL per 82mm True Color VND e Swift System | sistema di filtri circolari Swift | ";128;129,90;22;5;;2025-03-04;2025-03-04;;;;;
;253857;Fotografia;"Filtri Fotografici";"NiSi Filtro polarizzatore circolare True Color CPL per sistema VND e Swift True Color da 95 mm";94;169,90;22;5;;2025-03-14;2025-03-14;;;;;
;253627;Fotografia;"Filtri Fotografici";"NiSi Filtro polarizzatore circolare True Color CPL per VND e Swift da 77 mm | sistema di filtraggio circolare Swift | Fotografia";128;119,90;22;5;;2025-03-05;2025-03-05;;;;;
;253644;Fotografia;"Filtri Fotografici";"NiSi Filtro PRO Nano 82mm IR Filtro ND64 6 Stop + Polarizzatore CPL Integrato in Un Unico Filtro";96;115,00;22;0;;2025-03-05;2025-03-05;;;;;
;253755;Fotografia;"Filtri Fotografici";"NiSi Filtro Pro Nano IR ND64 6 Stop + Polarizzatore CPL integrato in un unico filtro (72 mm)";92;95,00;22;0;;2025-03-10;2025-03-10;;;;;
;253641;Fotografia;"Filtri Fotografici";"NiSi Filtro Pro Nano IR ND64 6 Stop + Polarizzatore CPL integrato in un unico filtro (77 mm)";92;103,00;22;0;;2025-03-05;2025-03-05;;;;;
;253690;Fotografia;"Filtri Fotografici";"NiSi Filtro Protettivo 52mm UV HUC (Ultra Hard Coating) con 18 rivestimenti multistrato UHD, rivestimento ultra duro, Nano Coati";128;22,99;22;0;;2025-03-06;2025-03-06;;;;;
;253629;Fotografia;"Filtri Fotografici";"NiSI Filtro Protettivo UHC UV (Ultra Hard Coating) con 18 rivestimenti multistrato UHD, rivestimento ultra duro, Nano Coating®, ";129;24,99;22;0;;2025-03-05;2025-03-05;;;;;
;253697;Fotografia;"Filtri Fotografici";"NiSi Filtro Swift Black Mist 1/8 82mm., Swift System, a pressione montati a attrito, vetro ottico, rivestimento nano impermeabil";128;109,00;22;0;;2025-03-06;2025-03-06;;;;;
;253751;Fotografia;"Filtri Fotografici";"NiSi Filtro UV Armor FX 62 mm – Filtro di protezione UV a prova di esplosione, filtro obiettivo con rivestimento nano doppio str";130;65,00;22;0;;2025-03-10;2025-03-10;;;;;
;253859;Fotografia;"Filtri Fotografici";"NiSi Filtro UV Armor FX Pro Nano Coating L395 Protezione antideflagrante per obiettivo 67mm";91;69,00;22;0;;2025-03-14;2025-03-14;;;;;
;253483;Fotografia;"Filtri Fotografici";"NiSi Filtro UV HUC (62mm) (Ultra Hard Coating) con 18 rivestimenti multistrato UHD, rivestimento ultra duro, Nano Coating®, ultr";129;25,99;22;5;;2025-02-24;2025-02-24;;;;;
;253464;Fotografia;"Filtri Fotografici";"NiSi Filtro UV HUC (rivestimento ultra duro), 18 rivestimenti multistrato UHD, rivestimento nano ultra duro, idrofobo, resistent";128;28,99;22;5;;2025-02-24;2025-02-24;;;;;
;253855;Fotografia;"Filtri Fotografici";"NiSi Filtro UV IR Cut 82mm per Sistema Swift | senza filettatura, a pressione con Anello Swift o sopra VND True Color 1-5 Stop";126;109,00;22;5;;2025-03-14;2025-03-14;;;;;
;253469;Fotografia;"Filtri Fotografici";"NiSi HUC PRO Nano IR ND1000 filtro circolare da 77 mm | Filtro obiettivo fotocamera a densità neutra 10-stop | Vetro ottico, riv";129;52,00;22;5;;2025-02-24;2025-02-24;;;;;
;253470;Fotografia;"Filtri Fotografici";"NiSi HUC PRO Nano IR ND1000 filtro circolare da 82 mm | Filtro obiettivo fotocamera a densità neutra 10-stop | Vetro ottico, riv";129;55,00;22;5;;2025-02-24;2025-02-24;;;;;
;253492;Fotografia;"Filtri Fotografici";"NiSi JetMag - Kit di filtri magnetici Pro da 82 mm con bloccaggio, kit filtro ND orizzontale (FS ND8, FS ND64, FS ND1000, True C";128;429,90;22;5;;2025-02-24;2025-02-24;;;;;
;253495;Fotografia;"Filtri Fotografici";"NiSi JetMag Pro 82MAG - Tappo posteriore magnetico resistente per filtri da 82 MAG, attacco rapido e chiusura sicura, design sot";128;34,90;22;5;;2025-02-24;2025-02-24;;;;;
;253503;Fotografia;"Filtri Fotografici";"NiSi JetMag Pro 82MAG FS ND1000 - Filtro magnetico a densità neutra a spettro completo 10 stop (3.0) - Vetro ottico nano rivesti";129;79,90;22;5;;2025-02-25;2025-02-25;;;;;
;253501;Fotografia;"Filtri Fotografici";"NiSi JetMag Pro 82MAG Natural Night - Filtro magnetico per la riduzione dell''inquinamento luminoso per fotografia notturna e as";128;89,90;22;5;;2025-02-25;2025-02-25;;;;;
;253502;Fotografia;"Filtri Fotografici";"NiSi JetMag Pro Kit filtro magnetico da 82 mm con blocco - Capture Kit (filtro UV NC, True Color CPL, anello adattatore magnetic";128;294,90;22;5;;2025-02-25;2025-02-25;;;;;
;253752;Fotografia;"Filtri Fotografici";"NiSi Kit FIltri 67mm Circular Filter Long Exposure Kit, Including ND8(3 stops), ND64(6 stops)+CPL, ND1000(10 stops), ND32000(15 ";128;155,00;22;5;;2025-03-10;2025-03-10;;;;;
;253636;Fotografia;"Filtri Fotografici";"NiSi Kit Filtri ND Circolari - 67mm - Include ND8 (3 stops), ND64 + CPL (6 Stop+CPL Filtro 2in1), ND1000 (10 stops) e Custodia";126;119,00;22;5;;2025-03-05;2025-03-05;;;;;
;253617;Fotografia;"Filtri Fotografici";"NiSi Kit Filtri ND Circolari 77mm, con ND8 (3 Stop), ND64+CPL (6 Stop), ND1000 (10 Stop), Accessori e Custodia";110;139,00;22;0;;2025-03-05;2025-03-05;;;;;
;253619;Fotografia;"Filtri Fotografici";"NiSi Kit Filtri Swift System 1-9 VND da 77 mm | Filtro a densità neutra variabile True Color da 1 a 5 stop con ND16 montato ad a";129;269,90;22;0;;2025-03-05;2025-03-05;;;;;
;253637;Fotografia;"Filtri Fotografici";"NiSi Kit Filtri Swift True Color VND 67mm 1-5 & 5-9 Stop (1-9 Stop totali) | Filtro ND-Vario 1-5 Stops + ND 4 Stop per effetto 5";128;234,90;22;0;;2025-03-05;2025-03-05;;;;;
;253628;Fotografia;"Filtri Fotografici";"NiSi Kit Filtri Swift VND Mist Kit da 77 mm – True Colour 1 – 5 apertura variabile ND filtro + filtro ND16 (4 aperture) a densit";132;364,90;22;5;;2025-03-05;2025-03-05;;;;;
;253877;Fotografia;"Filtri Fotografici";"NiSi Kit Filtri True Color VND 95mm 1-5 & 5-9 Stop (1-9 Stop totali) Kit Swift | Filtro ND-Vario 1-5 Stops + ND 4 Stop per effet";128;349,90;22;0;;2025-03-14;2025-03-14;;;;;
;253630;Fotografia;"Filtri Fotografici";"NiSI Kit Filtro circolare da 77 mm per lunga esposizione, inclusi ND8 (3 stop), ND64 (6 stop) + CPL, ND1000 (10 stop), ND32000 (";128;175,00;22;5;;2025-03-05;2025-03-05;;;;;
;253689;Fotografia;"Filtri Fotografici";"NiSi Kit filtro fotocamera per cellulare / obiettivo fotocamera per iOS iPhone Smartphone – Filmmaker kit filtri";114;149,00;22;0;;2025-03-06;2025-03-06;;;;;
;253862;Fotografia;"Filtri Fotografici";"NiSi Kit filtro per Fuji FUJIFILM X70 / X100 / X100S / X100F / X100T / X100V – Starter Kit (1 filtro graduato medio + 1 filtro p";130;49,90;22;5;;2025-03-14;2025-03-14;;;;;
;253607;Fotografia;"Filtri Fotografici";"NiSi Kit Filtro Swift VND da 82 mm – True Color 1 – 5 pannelli filtro ND variabile + ND16 (4 diaframmi) neutro";114;289,90;22;0;;2025-03-04;2025-03-04;;;;;
;253615;Fotografia;"Filtri Fotografici";"NiSi Landscape Filter Kit IP-A + P2 iPhone,  Kit filtri per fotocamera iOS iPhone Smartphone";92;69,90;22;5;;2025-03-05;2025-03-05;;;;;
;253631;Fotografia;"Filtri Fotografici";"NiSi Long Exposure Kit di Filtri ND Circolari 82mm, Filtro ND8 (3 Stop), ND64+CPL (6 Stop e polarizzatore incluso), ND1000 (10 S";128;185,00;22;5;;2025-03-05;2025-03-05;;;;;
;253523;Fotografia;"Filtri Fotografici";"NiSi ND Filtri Kit Lunga Esposizione - Incluso ND8 (0.9), ND64 (1.8), ND1000 (3.0) Filtro con Accessori Gratuiti 1x NiSi Sacchet";128;349,00;22;0;;2025-02-26;2025-02-26;;;;;
;253516;Fotografia;"Filtri Fotografici";"NiSi ND Filtro a Densità Neutra ND1000 (3.0) 10 Stop, 100X100mm, Nano Coating, Rivestimento IR, Vetro Ottico";109;109,00;22;5;;2025-02-26;2025-02-26;;;;;
;253536;Fotografia;"Filtri Fotografici";"NiSi Night Kit V7 di Filtri 100mm, Kit di 2 filtri (NiSi Star Soft 100x150, NiSi Natural Night 100x100) con Holder NiSi V7 con T";128;409,00;22;5;;2025-02-26;2025-02-26;;;;;
;253558;Fotografia;"Filtri Fotografici";"NiSi P1/P2 GND8 - Filtro graduato Soft grigio Soft GND For Compact System (0.3) 3 Stop";86;19,99;22;0;;2025-02-26;2025-02-26;;;;;
;253651;Fotografia;"Filtri Fotografici";"NiSi Pro Nano IR Filtro ND64 6 Stop + Polarizzatore CPL integrato in un unico filtro (67 mm)";92;88,00;22;5;;2025-03-05;2025-03-05;;;;;
;253570;Fotografia;"Filtri Fotografici";"NiSi Professional Kit+ (Plus) per Drone Mavic 2 Pro (8 Filtri), ND4/PL, ND8/PL, ND16/PL, ND32/PL, ND64/PL, Polarizzatore Landsca";128;189,00;22;5;;2025-02-28;2025-02-28;;;;;
;253849;Fotografia;"Filtri Fotografici";"NiSi Set Filtri Circolari 82mm Circular Filter Professional Kit, Including HUC UV Filter, Ti Enhance CPL, Natural Night Filter, ";128;259,00;22;0;;2025-03-14;2025-03-14;;;;;
;253878;Fotografia;"Filtri Fotografici";"NiSI Set Filtri, Kit di avvio filtro circolare da 82 mm, incluso filtro UV HUC, HUC CPL e custodia per filtro";109;115,00;22;5;;2025-03-14;2025-03-14;;;;;
;253605;Fotografia;"Filtri Fotografici";"NiSi Star Soft Filtro 100 x 150 mm. filtri effetto per la fotografia notturna e astrofotografia";95;129,00;22;0;;2025-03-04;2025-03-04;;;;;
;253850;Fotografia;"Filtri Fotografici";"NiSi Swift Add-on Kit 77mm per True Color VND 1-5 Stop | Filtro ND16 (4 Stop) + Filtro Black Mist 1/4";101;204,90;22;5;;2025-03-14;2025-03-14;;;;;
;253851;Fotografia;"Filtri Fotografici";"NiSi True Color VND 72mm 1-5 & 5-9 Stop (1-9 Stop totali) Kit Swift | Sistema Swift con aggancio rapido a pressione";115;249,90;22;0;;2025-03-14;2025-03-14;;;;;
;253852;Fotografia;"Filtri Fotografici";"NiSi UHC CPL Filtro polarizzatore circolare, 82 mm, con rivestimento ultra rigido, polarizzatore";96;36,99;22;0;;2025-03-14;2025-03-14;;;;;
;253505;Fotografia;"Lenti di conversione";"NiSi Lente Close-Up NC Macro II 77mm (Kit con adattatori 72, 67mm, Custodia e Lens Cap)";87;139,00;22;5;;2025-02-25;2025-02-25;;;;;
;253510;Fotografia;"Macro Fotografia";"NiSi Guida per messa a fuoco macro NM200s – Rotabile a 360° Stabilizzatore Macro Slide/Macro Regolazione Scorrimento / Guida di ";131;199,00;22;5;;2025-02-25;2025-02-25;;;;;
;253512;Fotografia;"Macro Fotografia";"NiSi Kit obiettivo close-up NC da 49 mm, filtro macro per primo piano, filettatura 49 mm, 9 diottrie, rivestimento nano, custodi";128;89,00;22;0;;2025-02-25;2025-02-25;;;;;
;253507;Fotografia;"Macro Fotografia";"NiSi NM-180 Messa a punto Macro Rail Slitta Scorrevole 160 mm Operative, guida scorrevole per messa a fuoco";107;129,00;22;5;;2025-02-25;2025-02-25;;;;;
;255820;Gadget;Oggettistica;"Harry Potter Cookie Jar Honeydukes Biscottiera Barattolo per biscotti in ceramica";81;33,77;22;5;;2025-05-29;2025-05-29;;;;;
;256295;Gadget;"Statue & Busti";"One Piece POP Portrait Of Pirates WA-MAXIMUM Kaido the Beast(Super limited reprint) Statue";90;689,00;22;5;;2025-06-10;2025-06-10;;;;;
;255595;Gadget;"Figure PVC/Resina";"Boruto: Naruto Next Generations Baryon Mode GLOW (exclusive) POP Animation #1361 Vinyl Figure";93;44,60;22;5;;2025-05-06;2025-05-06;;;;;
;255651;Gadget;"Figure PVC/Resina";"Captain America: Brave New World Sipersized Red Hulk POP Marvel #1366 Vinyl Figure";82;24,60;22;5;;2025-05-06;2025-05-06;;;;;
;255653;Gadget;"Figure PVC/Resina";"Dragon Ball Super: Broly Super Saiyan God Vegeta POP Animation #1862 Vinyl Figure";81;15,40;22;5;;2025-05-06;2025-05-06;;;;;
;255507;Gadget;"Figure PVC/Resina";"Il Signore Degli Anelli Lord of the Rings Arwen (Coronation) POP Movies #1745 Vinyl Figure";90;16,99;22;5;;2025-05-05;2025-05-05;;;;;
;255650;Gadget;"Figure PVC/Resina";"Lord Of The Rings Gandalf With Doors Of Durin Deluxe POP Movies #1746 Vinyl Figure";82;38,50;22;5;;2025-05-06;2025-05-06;;;;;
;255630;Gadget;"Figure PVC/Resina";"Michael Jordan Bulls White Warmup (exclusive) NBA POP Basketball #84 Vinyl Figure";81;16,99;22;5;;2025-05-06;2025-05-06;;;;;
;255343;Gadget;"Figure PVC/Resina";"Mobile Suit Gundam MS-06S Char's Zaku II Supersized POP Animation #1717 Vinyl Figure";84;22,89;22;5;;2025-05-05;2025-05-05;;;;;
;255588;Gadget;"Figure PVC/Resina";"Stranger Things S4 Eddie w/ Guitar (exclusive) Blacklight POP Television #1250 Vinyl Figure";91;16,90;22;5;;2025-05-06;2025-05-06;;;;;
;255488;Gadget;"Figure PVC/Resina";"Teenage Mutant Ninja Turtles TMNT Michelangelo (Easter) POP Television #1668 Vinyl Figure";89;16,99;22;5;;2025-05-05;2025-05-05;;;;;
;255536;Gadget;"Figure PVC/Resina";"Teenage Mutant Ninja Turtles TMNT The Last Ronin Leonardo POP Comics #43 Vinyl Figure";85;16,56;22;5;;2025-05-05;2025-05-05;;;;;
;255537;Gadget;"Figure PVC/Resina";"Teenage Mutant Ninja Turtles TMNT The Last Ronin Raffaello POP Comics #44 Vinyl Figure";86;16,56;22;5;;2025-05-05;2025-05-05;;;;;
;255487;Gadget;"Figure PVC/Resina";"Teenage Mutant Ninja Turtles TMNT Turtles Leonardo (Easter) POP Television #1667 Vinyl Figure";93;16,99;22;5;;2025-05-05;2025-05-05;;;;;
;255535;Gadget;"Figure PVC/Resina";"Teenage Mutant Ninja Turtles TMNT Turtles The Last Ronin Donatello POP Comics #42 Vinyl Figure";94;18,29;22;5;;2025-05-05;2025-05-05;;;;;
;256371;Gadget;"Model Kit";"Yu-Gi-Oh! Duel Monsters Summoning God Exodia Color Coded Figure Rise Standard Amplified Model Kit";97;62,50;22;0;;2025-06-12;2025-06-12;;;;;
;255706;"Bellezza e Benessere";"Accessori Capelli";"Accessori Capelli Elastico Per Capelli In Tela 3 Pi?ces Gabby?s Dollhouse ROSA | FEMMINA";88;5,65;22;5;;2025-05-16;2025-05-16;;;;;
